[{"model": "foodcartapp.restaurant", "pk": 1, "fields": {"name": "Star Burger Арбат", "address": "Москва, ул. Новый Арбат, 15", "contact_phone": "+7 (967) 157-44-13"}}, {"model": "foodcartapp.restaurant", "pk": 2, "fields": {"name": "Star Burger Цветной", "address": "Москва, Цветной бульвар, 11с2", "contact_phone": "+7 (929) 949-55-36"}}, {"model": "foodcartapp.restaurant", "pk": 3, "fields": {"name": "Star Burger Европейский", "address": "Москва, пл. Киевского Вокзала, 2", "contact_phone": "+7 (929) 680-47-58"}}, {"model": "foodcartapp.productcategory", "pk": 1, "fields": {"name": "Бургер"}}, {"model": "foodcartapp.productcategory", "pk": 2, "fields": {"name": "Ролл"}}, {"model": "foodcartapp.product", "pk": 1, "fields": {"name": "Стейкхаус", "category": 1, "price": "300.00", "image": "steak_23AO8BE.jpg", "special_status": false, "description": "Стейкхаус – это сочетание нашей фирменной, приготовленной на огне 100% говядины с ломтиками бекона и соусом «Барбекю», майонезом, листьями свежего салата, помидором и хрустящим луком на воздушной було"}}, {"model": "foodcartapp.product", "pk": 2, "fields": {"name": "Лонг Чизбургер\"", "category": 1, "price": "219.00", "image": "long_chiz_hjwoe57.jpg", "special_status": false, "description": "Лонг Чизбургер – эталон в коллекции чизбургеров! Два приготовленных на огне бифштекса с двумя ломтиками слегка расплавленного сыра, хрустящими огурчиками, рубленым луком, горчицей и кетчупом на длинно"}}, {"model": "foodcartapp.product", "pk": 3, "fields": {"name": "Тройной Воппер", "category": 1, "price": "369.00", "image": "triple_vopper_YE7XCih.jpg", "special_status": false, "description": "ВОППЕР® — это вкуснейшая приготовленная на огне 100% говядина с сочными помидорами, свежим нарезанным листовым салатом, густым майонезом, хрустящими маринованными огурчиками и свежим луком на нежной б"}}, {"model": "foodcartapp.product", "pk": 4, "fields": {"name": "Беконайзер", "category": 1, "price": "319.00", "image": "beconizer_p3RA2TU.jpg", "special_status": false, "description": "Встречай самый внушительный бургер в коллекции Бургер Кинг. Много мяса, много бекона и много сыра - все, как ты любишь, и ничего лишнего!"}}, {"model": "foodcartapp.product", "pk": 5, "fields": {"name": "Фиш Ролл", "category": 2, "price": "199.00", "image": "fish_roll_eNRzHNi.jpg", "special_status": false, "description": "Наш новый ролл с аппетитной котлеткой из филе белой рыбы, с фирменным соусом, маринованными огурчиками и хрустящим салатом. Легкое рыбное удовольствие!"}}, {"model": "foodcartapp.product", "pk": 6, "fields": {"name": "Шримп Ролл", "category": 2, "price": "209.00", "image": "shrimp_roll_Li9nuuG.jpg", "special_status": false, "description": "Легкий ролл с нежными королевскими креветками в хрустящей панировке, свежий салат Айсберг и ломтик сыра в пшеничной лепешке под фирменным соусом «Кинг». Внимание! Блюдо содержит аллергены – морепродук"}}, {"model": "foodcartapp.restaurantmenuitem", "pk": 1, "fields": {"restaurant": 1, "product": 6, "availability": true}}, {"model": "foodcartapp.restaurantmenuitem", "pk": 2, "fields": {"restaurant": 2, "product": 6, "availability": true}}, {"model": "foodcartapp.restaurantmenuitem", "pk": 3, "fields": {"restaurant": 3, "product": 6, "availability": true}}, {"model": "foodcartapp.restaurantmenuitem", "pk": 5, "fields": {"restaurant": 2, "product": 5, "availability": true}}, {"model": "foodcartapp.restaurantmenuitem", "pk": 6, "fields": {"restaurant": 3, "product": 5, "availability": true}}, {"model": "foodcartapp.restaurantmenuitem", "pk": 7, "fields": {"restaurant": 1, "product": 4, "availability": true}}, {"model": "foodcartapp.restaurantmenuitem", "pk": 8, "fields": {"restaurant": 3, "product": 4, "availability": true}}, {"model": "foodcartapp.restaurantmenuitem", "pk": 9, "fields": {"restaurant": 1, "product": 3, "availability": true}}, {"model": "foodcartapp.restaurantmenuitem", "pk": 10, "fields": {"restaurant": 2, "product": 2, "availability": true}}, {"model": "foodcartapp.restaurantmenuitem", "pk": 11, "fields": {"restaurant": 1, "product": 1, "availability": true}}, {"model": "foodcartapp.restaurantmenuitem", "pk": 12, "fields": {"restaurant": 2, "product": 1, "availability": false}}, {"model": "foodcartapp.restaurantmenuitem", "pk": 13, "fields": {"restaurant": 3, "product": 1, "availability": true}}, {"model": "foodcartapp.order", "pk": 172, "fields": {"firstname": "Элеонора", "lastname": "Олег", "phonenumber": "+79671319455", "address": "г.Орел ул.Веселая 25", "status": "A", "comment": "", "registered_at": "2023-06-21T09:37:50Z", "called_at": null, "delivered_at": null, "cooking_restaurant": null}}, {"model": "foodcartapp.order", "pk": 173, "fields": {"firstname": "Вася", "lastname": "Олег", "phonenumber": "+79671319455", "address": "ул.Генерала Жадова 25", "status": "A", "comment": null, "registered_at": "2023-06-21T12:40:02.964Z", "called_at": null, "delivered_at": null, "cooking_restaurant": null}}, {"model": "foodcartapp.order", "pk": 174, "fields": {"firstname": "Оля", "lastname": "Волкова", "phonenumber": "+79102066694", "address": "ул.Генерала Жадова 25", "status": "A", "comment": null, "registered_at": "2023-07-04T19:59:27.927Z", "called_at": null, "delivered_at": null, "cooking_restaurant": null}}, {"model": "foodcartapp.order", "pk": 175, "fields": {"firstname": "Оля", "lastname": "Олег", "phonenumber": "+79671319455", "address": "ул.Генерала Жадова 25", "status": "A", "comment": null, "registered_at": "2023-07-05T19:08:36.288Z", "called_at": null, "delivered_at": null, "cooking_restaurant": null}}, {"model": "foodcartapp.order", "pk": 176, "fields": {"firstname": "Вася", "lastname": "Олег", "phonenumber": "+79671319455", "address": "ул.Генерала Жадова 25", "status": "A", "comment": null, "registered_at": "2023-07-10T19:21:28.055Z", "called_at": null, "delivered_at": null, "cooking_restaurant": null}}, {"model": "foodcartapp.order", "pk": 177, "fields": {"firstname": "Вася", "lastname": "Олег", "phonenumber": "+79671319455", "address": "ул.Генерала Жадова 25", "status": "A", "comment": null, "registered_at": "2023-07-18T18:46:33.927Z", "called_at": null, "delivered_at": null, "cooking_restaurant": null}}, {"model": "foodcartapp.productinorder", "pk": 171, "fields": {"order": 172, "product": 1, "quantity": 1, "fixed_price": "300.00"}}, {"model": "foodcartapp.productinorder", "pk": 173, "fields": {"order": 173, "product": 1, "quantity": 1, "fixed_price": "300.00"}}, {"model": "foodcartapp.productinorder", "pk": 174, "fields": {"order": 173, "product": 2, "quantity": 1, "fixed_price": "219.00"}}, {"model": "foodcartapp.productinorder", "pk": 175, "fields": {"order": 174, "product": 2, "quantity": 1, "fixed_price": "219.00"}}, {"model": "foodcartapp.productinorder", "pk": 176, "fields": {"order": 174, "product": 3, "quantity": 1, "fixed_price": "369.00"}}, {"model": "foodcartapp.productinorder", "pk": 177, "fields": {"order": 174, "product": 1, "quantity": 2, "fixed_price": "300.00"}}, {"model": "foodcartapp.productinorder", "pk": 178, "fields": {"order": 175, "product": 2, "quantity": 1, "fixed_price": "219.00"}}, {"model": "foodcartapp.productinorder", "pk": 179, "fields": {"order": 176, "product": 3, "quantity": 1, "fixed_price": "369.00"}}, {"model": "foodcartapp.productinorder", "pk": 180, "fields": {"order": 176, "product": 2, "quantity": 1, "fixed_price": "219.00"}}, {"model": "foodcartapp.productinorder", "pk": 181, "fields": {"order": 177, "product": 2, "quantity": 1, "fixed_price": "219.00"}}, {"model": "admin.logentry", "pk": 1, "fields": {"action_time": "2023-05-16T19:57:58.075Z", "user": 1, "content_type": 2, "object_id": "1", "object_repr": "Star Burger Арбат", "action_flag": 1, "change_message": "[{\"added\": {}}]"}}, {"model": "admin.logentry", "pk": 2, "fields": {"action_time": "2023-05-16T19:58:19.871Z", "user": 1, "content_type": 2, "object_id": "2", "object_repr": "Star Burger Цветной", "action_flag": 1, "change_message": "[{\"added\": {}}]"}}, {"model": "admin.logentry", "pk": 3, "fields": {"action_time": "2023-05-16T19:58:41.272Z", "user": 1, "content_type": 2, "object_id": "3", "object_repr": "Star Burger Европейский", "action_flag": 1, "change_message": "[{\"added\": {}}]"}}, {"model": "admin.logentry", "pk": 4, "fields": {"action_time": "2023-05-16T19:59:50.479Z", "user": 1, "content_type": 4, "object_id": "1", "object_repr": "Бургер", "action_flag": 1, "change_message": "[{\"added\": {}}]"}}, {"model": "admin.logentry", "pk": 5, "fields": {"action_time": "2023-05-16T20:06:49.303Z", "user": 1, "content_type": 1, "object_id": "1", "object_repr": "Стейкхаус", "action_flag": 1, "change_message": "[{\"added\": {}}]"}}, {"model": "admin.logentry", "pk": 6, "fields": {"action_time": "2023-05-16T20:07:27.870Z", "user": 1, "content_type": 1, "object_id": "2", "object_repr": "Лонг Чизбургер\"", "action_flag": 1, "change_message": "[{\"added\": {}}]"}}, {"model": "admin.logentry", "pk": 7, "fields": {"action_time": "2023-05-16T20:08:14.196Z", "user": 1, "content_type": 1, "object_id": "3", "object_repr": "Тройной Воппер", "action_flag": 1, "change_message": "[{\"added\": {}}]"}}, {"model": "admin.logentry", "pk": 8, "fields": {"action_time": "2023-05-16T20:11:02.519Z", "user": 1, "content_type": 1, "object_id": "4", "object_repr": "Беконайзер", "action_flag": 1, "change_message": "[{\"added\": {}}]"}}, {"model": "admin.logentry", "pk": 9, "fields": {"action_time": "2023-05-16T20:11:20.186Z", "user": 1, "content_type": 4, "object_id": "2", "object_repr": "Ролл", "action_flag": 1, "change_message": "[{\"added\": {}}]"}}, {"model": "admin.logentry", "pk": 10, "fields": {"action_time": "2023-05-16T20:11:45.073Z", "user": 1, "content_type": 1, "object_id": "5", "object_repr": "Фиш Ролл", "action_flag": 1, "change_message": "[{\"added\": {}}]"}}, {"model": "admin.logentry", "pk": 11, "fields": {"action_time": "2023-05-16T20:12:16.289Z", "user": 1, "content_type": 1, "object_id": "6", "object_repr": "Шримп Ролл", "action_flag": 1, "change_message": "[{\"added\": {}}]"}}, {"model": "admin.logentry", "pk": 12, "fields": {"action_time": "2023-05-16T20:13:33.636Z", "user": 1, "content_type": 1, "object_id": "6", "object_repr": "Шримп Ролл", "action_flag": 2, "change_message": "[{\"added\": {\"name\": \"\\u043f\\u0443\\u043d\\u043a\\u0442 \\u043c\\u0435\\u043d\\u044e \\u0440\\u0435\\u0441\\u0442\\u043e\\u0440\\u0430\\u043d\\u0430\", \"object\": \"Star Burger \\u0410\\u0440\\u0431\\u0430\\u0442 - \\u0428\\u0440\\u0438\\u043c\\u043f \\u0420\\u043e\\u043b\\u043b\"}}, {\"added\": {\"name\": \"\\u043f\\u0443\\u043d\\u043a\\u0442 \\u043c\\u0435\\u043d\\u044e \\u0440\\u0435\\u0441\\u0442\\u043e\\u0440\\u0430\\u043d\\u0430\", \"object\": \"Star Burger \\u0426\\u0432\\u0435\\u0442\\u043d\\u043e\\u0439 - \\u0428\\u0440\\u0438\\u043c\\u043f \\u0420\\u043e\\u043b\\u043b\"}}, {\"added\": {\"name\": \"\\u043f\\u0443\\u043d\\u043a\\u0442 \\u043c\\u0435\\u043d\\u044e \\u0440\\u0435\\u0441\\u0442\\u043e\\u0440\\u0430\\u043d\\u0430\", \"object\": \"Star Burger \\u0415\\u0432\\u0440\\u043e\\u043f\\u0435\\u0439\\u0441\\u043a\\u0438\\u0439 - \\u0428\\u0440\\u0438\\u043c\\u043f \\u0420\\u043e\\u043b\\u043b\"}}]"}}, {"model": "admin.logentry", "pk": 13, "fields": {"action_time": "2023-05-16T20:13:47.226Z", "user": 1, "content_type": 1, "object_id": "5", "object_repr": "Фиш Ролл", "action_flag": 2, "change_message": "[{\"added\": {\"name\": \"\\u043f\\u0443\\u043d\\u043a\\u0442 \\u043c\\u0435\\u043d\\u044e \\u0440\\u0435\\u0441\\u0442\\u043e\\u0440\\u0430\\u043d\\u0430\", \"object\": \"Star Burger \\u0410\\u0440\\u0431\\u0430\\u0442 - \\u0424\\u0438\\u0448 \\u0420\\u043e\\u043b\\u043b\"}}, {\"added\": {\"name\": \"\\u043f\\u0443\\u043d\\u043a\\u0442 \\u043c\\u0435\\u043d\\u044e \\u0440\\u0435\\u0441\\u0442\\u043e\\u0440\\u0430\\u043d\\u0430\", \"object\": \"Star Burger \\u0426\\u0432\\u0435\\u0442\\u043d\\u043e\\u0439 - \\u0424\\u0438\\u0448 \\u0420\\u043e\\u043b\\u043b\"}}, {\"added\": {\"name\": \"\\u043f\\u0443\\u043d\\u043a\\u0442 \\u043c\\u0435\\u043d\\u044e \\u0440\\u0435\\u0441\\u0442\\u043e\\u0440\\u0430\\u043d\\u0430\", \"object\": \"Star Burger \\u0415\\u0432\\u0440\\u043e\\u043f\\u0435\\u0439\\u0441\\u043a\\u0438\\u0439 - \\u0424\\u0438\\u0448 \\u0420\\u043e\\u043b\\u043b\"}}]"}}, {"model": "admin.logentry", "pk": 14, "fields": {"action_time": "2023-05-16T20:13:58.822Z", "user": 1, "content_type": 1, "object_id": "4", "object_repr": "Беконайзер", "action_flag": 2, "change_message": "[{\"added\": {\"name\": \"\\u043f\\u0443\\u043d\\u043a\\u0442 \\u043c\\u0435\\u043d\\u044e \\u0440\\u0435\\u0441\\u0442\\u043e\\u0440\\u0430\\u043d\\u0430\", \"object\": \"Star Burger \\u0410\\u0440\\u0431\\u0430\\u0442 - \\u0411\\u0435\\u043a\\u043e\\u043d\\u0430\\u0439\\u0437\\u0435\\u0440\"}}, {\"added\": {\"name\": \"\\u043f\\u0443\\u043d\\u043a\\u0442 \\u043c\\u0435\\u043d\\u044e \\u0440\\u0435\\u0441\\u0442\\u043e\\u0440\\u0430\\u043d\\u0430\", \"object\": \"Star Burger \\u0415\\u0432\\u0440\\u043e\\u043f\\u0435\\u0439\\u0441\\u043a\\u0438\\u0439 - \\u0411\\u0435\\u043a\\u043e\\u043d\\u0430\\u0439\\u0437\\u0435\\u0440\"}}]"}}, {"model": "admin.logentry", "pk": 15, "fields": {"action_time": "2023-05-16T20:14:06.958Z", "user": 1, "content_type": 1, "object_id": "3", "object_repr": "Тройной Воппер", "action_flag": 2, "change_message": "[{\"added\": {\"name\": \"\\u043f\\u0443\\u043d\\u043a\\u0442 \\u043c\\u0435\\u043d\\u044e \\u0440\\u0435\\u0441\\u0442\\u043e\\u0440\\u0430\\u043d\\u0430\", \"object\": \"Star Burger \\u0410\\u0440\\u0431\\u0430\\u0442 - \\u0422\\u0440\\u043e\\u0439\\u043d\\u043e\\u0439 \\u0412\\u043e\\u043f\\u043f\\u0435\\u0440\"}}]"}}, {"model": "admin.logentry", "pk": 16, "fields": {"action_time": "2023-05-16T20:14:14.068Z", "user": 1, "content_type": 1, "object_id": "2", "object_repr": "Лонг Чизбургер\"", "action_flag": 2, "change_message": "[{\"added\": {\"name\": \"\\u043f\\u0443\\u043d\\u043a\\u0442 \\u043c\\u0435\\u043d\\u044e \\u0440\\u0435\\u0441\\u0442\\u043e\\u0440\\u0430\\u043d\\u0430\", \"object\": \"Star Burger \\u0426\\u0432\\u0435\\u0442\\u043d\\u043e\\u0439 - \\u041b\\u043e\\u043d\\u0433 \\u0427\\u0438\\u0437\\u0431\\u0443\\u0440\\u0433\\u0435\\u0440\\\"\"}}]"}}, {"model": "admin.logentry", "pk": 17, "fields": {"action_time": "2023-05-16T20:14:26.257Z", "user": 1, "content_type": 1, "object_id": "1", "object_repr": "Стейкхаус", "action_flag": 2, "change_message": "[{\"added\": {\"name\": \"\\u043f\\u0443\\u043d\\u043a\\u0442 \\u043c\\u0435\\u043d\\u044e \\u0440\\u0435\\u0441\\u0442\\u043e\\u0440\\u0430\\u043d\\u0430\", \"object\": \"Star Burger \\u0410\\u0440\\u0431\\u0430\\u0442 - \\u0421\\u0442\\u0435\\u0439\\u043a\\u0445\\u0430\\u0443\\u0441\"}}, {\"added\": {\"name\": \"\\u043f\\u0443\\u043d\\u043a\\u0442 \\u043c\\u0435\\u043d\\u044e \\u0440\\u0435\\u0441\\u0442\\u043e\\u0440\\u0430\\u043d\\u0430\", \"object\": \"Star Burger \\u0426\\u0432\\u0435\\u0442\\u043d\\u043e\\u0439 - \\u0421\\u0442\\u0435\\u0439\\u043a\\u0445\\u0430\\u0443\\u0441\"}}, {\"added\": {\"name\": \"\\u043f\\u0443\\u043d\\u043a\\u0442 \\u043c\\u0435\\u043d\\u044e \\u0440\\u0435\\u0441\\u0442\\u043e\\u0440\\u0430\\u043d\\u0430\", \"object\": \"Star Burger \\u0415\\u0432\\u0440\\u043e\\u043f\\u0435\\u0439\\u0441\\u043a\\u0438\\u0439 - \\u0421\\u0442\\u0435\\u0439\\u043a\\u0445\\u0430\\u0443\\u0441\"}}]"}}, {"model": "admin.logentry", "pk": 18, "fields": {"action_time": "2023-05-17T18:48:30.592Z", "user": 1, "content_type": 11, "object_id": "3", "object_repr": "Order object (3)", "action_flag": 2, "change_message": "[{\"changed\": {\"fields\": [\"\\u0410\\u0434\\u0440\\u0435\\u0441 \\u0434\\u043e\\u0441\\u0442\\u0430\\u0432\\u043a\\u0438\"]}}]"}}, {"model": "admin.logentry", "pk": 19, "fields": {"action_time": "2023-05-17T19:22:21.665Z", "user": 1, "content_type": 11, "object_id": "1", "object_repr": "Order object (1)", "action_flag": 2, "change_message": "[{\"changed\": {\"fields\": [\"\\u0422\\u0435\\u043b\\u0435\\u0444\\u043e\\u043d\", \"\\u0410\\u0434\\u0440\\u0435\\u0441 \\u0434\\u043e\\u0441\\u0442\\u0430\\u0432\\u043a\\u0438\"]}}, {\"added\": {\"name\": \"product in order\", \"object\": \"ProductInOrder object (1)\"}}]"}}, {"model": "admin.logentry", "pk": 20, "fields": {"action_time": "2023-05-17T20:08:48.124Z", "user": 1, "content_type": 11, "object_id": "7", "object_repr": "Order object (7)", "action_flag": 3, "change_message": ""}}, {"model": "admin.logentry", "pk": 21, "fields": {"action_time": "2023-05-17T20:08:48.153Z", "user": 1, "content_type": 11, "object_id": "6", "object_repr": "Order object (6)", "action_flag": 3, "change_message": ""}}, {"model": "admin.logentry", "pk": 22, "fields": {"action_time": "2023-05-17T20:08:48.179Z", "user": 1, "content_type": 11, "object_id": "5", "object_repr": "Order object (5)", "action_flag": 3, "change_message": ""}}, {"model": "admin.logentry", "pk": 23, "fields": {"action_time": "2023-05-17T20:08:48.207Z", "user": 1, "content_type": 11, "object_id": "4", "object_repr": "Order object (4)", "action_flag": 3, "change_message": ""}}, {"model": "admin.logentry", "pk": 24, "fields": {"action_time": "2023-05-17T20:08:48.235Z", "user": 1, "content_type": 11, "object_id": "3", "object_repr": "Order object (3)", "action_flag": 3, "change_message": ""}}, {"model": "admin.logentry", "pk": 25, "fields": {"action_time": "2023-05-17T20:08:48.263Z", "user": 1, "content_type": 11, "object_id": "2", "object_repr": "Order object (2)", "action_flag": 3, "change_message": ""}}, {"model": "admin.logentry", "pk": 26, "fields": {"action_time": "2023-05-17T20:08:48.289Z", "user": 1, "content_type": 11, "object_id": "1", "object_repr": "Order object (1)", "action_flag": 3, "change_message": ""}}, {"model": "admin.logentry", "pk": 27, "fields": {"action_time": "2023-05-18T07:33:24.183Z", "user": 1, "content_type": 11, "object_id": "13", "object_repr": "Order object (13)", "action_flag": 3, "change_message": ""}}, {"model": "admin.logentry", "pk": 28, "fields": {"action_time": "2023-05-18T07:33:24.212Z", "user": 1, "content_type": 11, "object_id": "12", "object_repr": "Order object (12)", "action_flag": 3, "change_message": ""}}, {"model": "admin.logentry", "pk": 29, "fields": {"action_time": "2023-05-18T07:33:24.239Z", "user": 1, "content_type": 11, "object_id": "11", "object_repr": "Order object (11)", "action_flag": 3, "change_message": ""}}, {"model": "admin.logentry", "pk": 30, "fields": {"action_time": "2023-05-18T07:33:24.281Z", "user": 1, "content_type": 11, "object_id": "10", "object_repr": "Order object (10)", "action_flag": 3, "change_message": ""}}, {"model": "admin.logentry", "pk": 31, "fields": {"action_time": "2023-05-18T07:33:24.312Z", "user": 1, "content_type": 11, "object_id": "9", "object_repr": "Order object (9)", "action_flag": 3, "change_message": ""}}, {"model": "admin.logentry", "pk": 32, "fields": {"action_time": "2023-05-18T07:33:24.338Z", "user": 1, "content_type": 11, "object_id": "8", "object_repr": "Order object (8)", "action_flag": 3, "change_message": ""}}, {"model": "admin.logentry", "pk": 33, "fields": {"action_time": "2023-05-18T07:50:44.184Z", "user": 1, "content_type": 11, "object_id": "18", "object_repr": "Order object (18)", "action_flag": 3, "change_message": ""}}, {"model": "admin.logentry", "pk": 34, "fields": {"action_time": "2023-05-31T16:05:18.664Z", "user": 1, "content_type": 11, "object_id": "52", "object_repr": "Oleg Dikarev 456", "action_flag": 3, "change_message": ""}}, {"model": "admin.logentry", "pk": 35, "fields": {"action_time": "2023-05-31T16:05:18.691Z", "user": 1, "content_type": 11, "object_id": "51", "object_repr": "Oleg Dikarev 456", "action_flag": 3, "change_message": ""}}, {"model": "admin.logentry", "pk": 36, "fields": {"action_time": "2023-05-31T16:05:18.718Z", "user": 1, "content_type": 11, "object_id": "50", "object_repr": "Oleg Dikarev 89671319455", "action_flag": 3, "change_message": ""}}, {"model": "admin.logentry", "pk": 37, "fields": {"action_time": "2023-05-31T16:05:18.744Z", "user": 1, "content_type": 11, "object_id": "49", "object_repr": "Oleg Dikarev 89671319455", "action_flag": 3, "change_message": ""}}, {"model": "admin.logentry", "pk": 38, "fields": {"action_time": "2023-05-31T16:05:18.774Z", "user": 1, "content_type": 11, "object_id": "48", "object_repr": "Олег Дикарев 89671319455", "action_flag": 3, "change_message": ""}}, {"model": "admin.logentry", "pk": 39, "fields": {"action_time": "2023-05-31T16:05:18.806Z", "user": 1, "content_type": 11, "object_id": "47", "object_repr": "Олег Дикарев 89671319455", "action_flag": 3, "change_message": ""}}, {"model": "admin.logentry", "pk": 40, "fields": {"action_time": "2023-05-31T16:05:18.840Z", "user": 1, "content_type": 11, "object_id": "46", "object_repr": "Олег Дикарев 89671319455", "action_flag": 3, "change_message": ""}}, {"model": "admin.logentry", "pk": 41, "fields": {"action_time": "2023-05-31T16:05:18.865Z", "user": 1, "content_type": 11, "object_id": "45", "object_repr": "Иван Петров +79291000000", "action_flag": 3, "change_message": ""}}, {"model": "admin.logentry", "pk": 42, "fields": {"action_time": "2023-05-31T16:05:18.890Z", "user": 1, "content_type": 11, "object_id": "44", "object_repr": "Иван Петров +79291000000", "action_flag": 3, "change_message": ""}}, {"model": "admin.logentry", "pk": 43, "fields": {"action_time": "2023-05-31T16:05:18.916Z", "user": 1, "content_type": 11, "object_id": "43", "object_repr": "Иван Петров +79291000000", "action_flag": 3, "change_message": ""}}, {"model": "admin.logentry", "pk": 44, "fields": {"action_time": "2023-05-31T16:05:18.942Z", "user": 1, "content_type": 11, "object_id": "42", "object_repr": "Иван Петров +79291000000", "action_flag": 3, "change_message": ""}}, {"model": "admin.logentry", "pk": 45, "fields": {"action_time": "2023-05-31T16:05:18.967Z", "user": 1, "content_type": 11, "object_id": "41", "object_repr": "Иван Петров +79291000000", "action_flag": 3, "change_message": ""}}, {"model": "admin.logentry", "pk": 46, "fields": {"action_time": "2023-05-31T16:05:18.993Z", "user": 1, "content_type": 11, "object_id": "40", "object_repr": "Иван Петров +79291000000", "action_flag": 3, "change_message": ""}}, {"model": "admin.logentry", "pk": 47, "fields": {"action_time": "2023-05-31T16:05:19.018Z", "user": 1, "content_type": 11, "object_id": "39", "object_repr": "Иван Петров +79291000000", "action_flag": 3, "change_message": ""}}, {"model": "admin.logentry", "pk": 48, "fields": {"action_time": "2023-05-31T16:05:19.042Z", "user": 1, "content_type": 11, "object_id": "38", "object_repr": "Олег Дикарев 89671319455", "action_flag": 3, "change_message": ""}}, {"model": "admin.logentry", "pk": 49, "fields": {"action_time": "2023-05-31T16:05:19.068Z", "user": 1, "content_type": 11, "object_id": "37", "object_repr": "Иван Петров +79291000000", "action_flag": 3, "change_message": ""}}, {"model": "admin.logentry", "pk": 50, "fields": {"action_time": "2023-05-31T16:05:19.095Z", "user": 1, "content_type": 11, "object_id": "36", "object_repr": "Иван Петров +79291000000", "action_flag": 3, "change_message": ""}}, {"model": "admin.logentry", "pk": 51, "fields": {"action_time": "2023-05-31T16:05:19.125Z", "user": 1, "content_type": 11, "object_id": "35", "object_repr": "Иван Петров +79291000000", "action_flag": 3, "change_message": ""}}, {"model": "admin.logentry", "pk": 52, "fields": {"action_time": "2023-05-31T16:05:19.178Z", "user": 1, "content_type": 11, "object_id": "34", "object_repr": "Иван Петров +79291000000", "action_flag": 3, "change_message": ""}}, {"model": "admin.logentry", "pk": 53, "fields": {"action_time": "2023-05-31T16:05:19.235Z", "user": 1, "content_type": 11, "object_id": "33", "object_repr": "Иван Петров +79291000000", "action_flag": 3, "change_message": ""}}, {"model": "admin.logentry", "pk": 54, "fields": {"action_time": "2023-05-31T16:05:19.270Z", "user": 1, "content_type": 11, "object_id": "32", "object_repr": "Иван Петров +79291000000", "action_flag": 3, "change_message": ""}}, {"model": "admin.logentry", "pk": 55, "fields": {"action_time": "2023-05-31T16:05:19.296Z", "user": 1, "content_type": 11, "object_id": "31", "object_repr": "Иван Петров +79291000000", "action_flag": 3, "change_message": ""}}, {"model": "admin.logentry", "pk": 56, "fields": {"action_time": "2023-05-31T16:05:19.321Z", "user": 1, "content_type": 11, "object_id": "30", "object_repr": "Vasiy Petrov 89671319455", "action_flag": 3, "change_message": ""}}, {"model": "admin.logentry", "pk": 57, "fields": {"action_time": "2023-05-31T16:05:19.346Z", "user": 1, "content_type": 11, "object_id": "29", "object_repr": "Олег Дикарев 89671319455", "action_flag": 3, "change_message": ""}}, {"model": "admin.logentry", "pk": 58, "fields": {"action_time": "2023-05-31T16:05:19.372Z", "user": 1, "content_type": 11, "object_id": "28", "object_repr": "Олег Дикарев 89671319455", "action_flag": 3, "change_message": ""}}, {"model": "admin.logentry", "pk": 59, "fields": {"action_time": "2023-05-31T16:05:19.397Z", "user": 1, "content_type": 11, "object_id": "27", "object_repr": "Олег Дикарев 89671319455", "action_flag": 3, "change_message": ""}}, {"model": "admin.logentry", "pk": 60, "fields": {"action_time": "2023-05-31T16:05:19.421Z", "user": 1, "content_type": 11, "object_id": "26", "object_repr": "Иван Петров +79291000000", "action_flag": 3, "change_message": ""}}, {"model": "admin.logentry", "pk": 61, "fields": {"action_time": "2023-05-31T16:05:19.447Z", "user": 1, "content_type": 11, "object_id": "25", "object_repr": "Иван Петров +79291000000", "action_flag": 3, "change_message": ""}}, {"model": "admin.logentry", "pk": 62, "fields": {"action_time": "2023-05-31T16:05:19.472Z", "user": 1, "content_type": 11, "object_id": "24", "object_repr": "Oleg9 Dikarev 89671319455", "action_flag": 3, "change_message": ""}}, {"model": "admin.logentry", "pk": 63, "fields": {"action_time": "2023-05-31T16:05:19.520Z", "user": 1, "content_type": 11, "object_id": "23", "object_repr": "Олег4 Дикарев +79671319455", "action_flag": 3, "change_message": ""}}, {"model": "admin.logentry", "pk": 64, "fields": {"action_time": "2023-05-31T16:05:19.557Z", "user": 1, "content_type": 11, "object_id": "22", "object_repr": "Олег3 Дикарев 89671319455", "action_flag": 3, "change_message": ""}}, {"model": "admin.logentry", "pk": 65, "fields": {"action_time": "2023-05-31T16:05:19.595Z", "user": 1, "content_type": 11, "object_id": "21", "object_repr": "Олег2 Дикарев 89671319455", "action_flag": 3, "change_message": ""}}, {"model": "admin.logentry", "pk": 66, "fields": {"action_time": "2023-05-31T16:05:19.621Z", "user": 1, "content_type": 11, "object_id": "20", "object_repr": "Олег1111111111 Дикарев 89671319455", "action_flag": 3, "change_message": ""}}, {"model": "admin.logentry", "pk": 67, "fields": {"action_time": "2023-05-31T16:05:19.646Z", "user": 1, "content_type": 11, "object_id": "19", "object_repr": "Олег1111111111 Дикарев 89671319455", "action_flag": 3, "change_message": ""}}, {"model": "admin.logentry", "pk": 68, "fields": {"action_time": "2023-05-31T16:05:19.671Z", "user": 1, "content_type": 11, "object_id": "17", "object_repr": "Oleg Dikarev 89671319455", "action_flag": 3, "change_message": ""}}, {"model": "admin.logentry", "pk": 69, "fields": {"action_time": "2023-05-31T16:05:19.696Z", "user": 1, "content_type": 11, "object_id": "16", "object_repr": "Oleg Dikarev 89671319455", "action_flag": 3, "change_message": ""}}, {"model": "admin.logentry", "pk": 70, "fields": {"action_time": "2023-05-31T16:05:19.721Z", "user": 1, "content_type": 11, "object_id": "15", "object_repr": "Oleg Dikarev 89671319455", "action_flag": 3, "change_message": ""}}, {"model": "admin.logentry", "pk": 71, "fields": {"action_time": "2023-05-31T16:05:19.747Z", "user": 1, "content_type": 11, "object_id": "14", "object_repr": "Олег Дикарев 89671319455", "action_flag": 3, "change_message": ""}}, {"model": "admin.logentry", "pk": 72, "fields": {"action_time": "2023-06-01T10:04:03.567Z", "user": 1, "content_type": 11, "object_id": "63", "object_repr": "Иван Петров +79291000000", "action_flag": 3, "change_message": ""}}, {"model": "admin.logentry", "pk": 73, "fields": {"action_time": "2023-06-01T10:04:03.591Z", "user": 1, "content_type": 11, "object_id": "62", "object_repr": "Иван Петров +79291000000", "action_flag": 3, "change_message": ""}}, {"model": "admin.logentry", "pk": 74, "fields": {"action_time": "2023-06-01T10:04:03.616Z", "user": 1, "content_type": 11, "object_id": "61", "object_repr": "Иван Петров +79291000000", "action_flag": 3, "change_message": ""}}, {"model": "admin.logentry", "pk": 75, "fields": {"action_time": "2023-06-01T10:04:03.639Z", "user": 1, "content_type": 11, "object_id": "60", "object_repr": "Сыклов Dikarev 8000000000", "action_flag": 3, "change_message": ""}}, {"model": "admin.logentry", "pk": 76, "fields": {"action_time": "2023-06-01T10:04:03.664Z", "user": 1, "content_type": 11, "object_id": "59", "object_repr": "Вячеслав Дикарев 89671319455", "action_flag": 3, "change_message": ""}}, {"model": "admin.logentry", "pk": 77, "fields": {"action_time": "2023-06-01T10:04:03.688Z", "user": 1, "content_type": 11, "object_id": "58", "object_repr": "Вольдемар Дикарев 89671319455", "action_flag": 3, "change_message": ""}}, {"model": "admin.logentry", "pk": 78, "fields": {"action_time": "2023-06-01T10:04:03.713Z", "user": 1, "content_type": 11, "object_id": "57", "object_repr": "Сергей Дикарев 89671319455", "action_flag": 3, "change_message": ""}}, {"model": "admin.logentry", "pk": 79, "fields": {"action_time": "2023-06-01T10:04:03.739Z", "user": 1, "content_type": 11, "object_id": "56", "object_repr": "Олег Дикарев 89671319455", "action_flag": 3, "change_message": ""}}, {"model": "admin.logentry", "pk": 80, "fields": {"action_time": "2023-06-01T10:04:03.764Z", "user": 1, "content_type": 11, "object_id": "55", "object_repr": "Олег Дикарев 89671319455", "action_flag": 3, "change_message": ""}}, {"model": "admin.logentry", "pk": 81, "fields": {"action_time": "2023-06-01T10:04:03.789Z", "user": 1, "content_type": 11, "object_id": "54", "object_repr": " Олег  Дикарев +79671319455", "action_flag": 3, "change_message": ""}}, {"model": "admin.logentry", "pk": 82, "fields": {"action_time": "2023-06-01T10:04:03.815Z", "user": 1, "content_type": 11, "object_id": "53", "object_repr": " Олег  Дикарев +79671319455", "action_flag": 3, "change_message": ""}}, {"model": "admin.logentry", "pk": 83, "fields": {"action_time": "2023-06-01T20:56:29.802Z", "user": 1, "content_type": 11, "object_id": "67", "object_repr": "Витя Дикарев +79671319455", "action_flag": 3, "change_message": ""}}, {"model": "admin.logentry", "pk": 84, "fields": {"action_time": "2023-06-01T20:56:29.835Z", "user": 1, "content_type": 11, "object_id": "66", "object_repr": "Витя Дикарев +79671319455", "action_flag": 3, "change_message": ""}}, {"model": "admin.logentry", "pk": 85, "fields": {"action_time": "2023-06-01T20:56:29.875Z", "user": 1, "content_type": 11, "object_id": "65", "object_repr": "Витя Дикарев +79671319455", "action_flag": 3, "change_message": ""}}, {"model": "admin.logentry", "pk": 86, "fields": {"action_time": "2023-06-01T20:56:29.905Z", "user": 1, "content_type": 11, "object_id": "64", "object_repr": "Иван Петров +79291000000", "action_flag": 3, "change_message": ""}}, {"model": "admin.logentry", "pk": 87, "fields": {"action_time": "2023-06-03T10:17:10.264Z", "user": 1, "content_type": 11, "object_id": "130", "object_repr": "130 Василий Васильевич +79123456789", "action_flag": 2, "change_message": "[{\"added\": {\"name\": \"product in order\", \"object\": \"\\u0422\\u0440\\u043e\\u0439\\u043d\\u043e\\u0439 \\u0412\\u043e\\u043f\\u043f\\u0435\\u0440\"}}, {\"added\": {\"name\": \"product in order\", \"object\": \"\\u0411\\u0435\\u043a\\u043e\\u043d\\u0430\\u0439\\u0437\\u0435\\u0440\"}}]"}}, {"model": "admin.logentry", "pk": 88, "fields": {"action_time": "2023-06-03T14:40:53.623Z", "user": 1, "content_type": 11, "object_id": "137", "object_repr": "137 Вася Васильевич +79993233344", "action_flag": 1, "change_message": "[{\"added\": {}}, {\"added\": {\"name\": \"product in order\", \"object\": \"\\u041b\\u043e\\u043d\\u0433 \\u0427\\u0438\\u0437\\u0431\\u0443\\u0440\\u0433\\u0435\\u0440\\\"\"}}, {\"added\": {\"name\": \"product in order\", \"object\": \"\\u0428\\u0440\\u0438\\u043c\\u043f \\u0420\\u043e\\u043b\\u043b\"}}]"}}, {"model": "admin.logentry", "pk": 89, "fields": {"action_time": "2023-06-03T15:41:58.626Z", "user": 1, "content_type": 11, "object_id": "136", "object_repr": "136 Василий Васильевич +79123456789", "action_flag": 2, "change_message": "[{\"changed\": {\"name\": \"product in order\", \"object\": \"\\u0421\\u0442\\u0435\\u0439\\u043a\\u0445\\u0430\\u0443\\u0441\", \"fields\": [\"\\u0424\\u0438\\u043a\\u0441\\u0438\\u0440\\u043e\\u0432\\u0430\\u043d\\u043d\\u0430\\u044f \\u0441\\u0442\\u043e\\u0438\\u043c\\u043e\\u0441\\u0442\\u044c\"]}}]"}}, {"model": "admin.logentry", "pk": 90, "fields": {"action_time": "2023-06-03T15:42:19.914Z", "user": 1, "content_type": 11, "object_id": "137", "object_repr": "137 Вася Васильевич +79993233344", "action_flag": 2, "change_message": "[{\"changed\": {\"name\": \"product in order\", \"object\": \"\\u041b\\u043e\\u043d\\u0433 \\u0427\\u0438\\u0437\\u0431\\u0443\\u0440\\u0433\\u0435\\u0440\\\"\", \"fields\": [\"\\u0424\\u0438\\u043a\\u0441\\u0438\\u0440\\u043e\\u0432\\u0430\\u043d\\u043d\\u0430\\u044f \\u0441\\u0442\\u043e\\u0438\\u043c\\u043e\\u0441\\u0442\\u044c\"]}}]"}}, {"model": "admin.logentry", "pk": 91, "fields": {"action_time": "2023-06-03T15:43:40.403Z", "user": 1, "content_type": 11, "object_id": "137", "object_repr": "137 Вася Васильевич +79993233344", "action_flag": 2, "change_message": "[{\"added\": {\"name\": \"product in order\", \"object\": \"\\u0421\\u0442\\u0435\\u0439\\u043a\\u0445\\u0430\\u0443\\u0441\"}}]"}}, {"model": "admin.logentry", "pk": 92, "fields": {"action_time": "2023-06-03T15:44:32.241Z", "user": 1, "content_type": 11, "object_id": "138", "object_repr": "138 Олег Дикарев +79631319455", "action_flag": 1, "change_message": "[{\"added\": {}}, {\"added\": {\"name\": \"product in order\", \"object\": \"\\u0421\\u0442\\u0435\\u0439\\u043a\\u0445\\u0430\\u0443\\u0441\"}}]"}}, {"model": "admin.logentry", "pk": 93, "fields": {"action_time": "2023-06-04T10:02:41.563Z", "user": 1, "content_type": 1, "object_id": "1", "object_repr": "Стейкхаус", "action_flag": 2, "change_message": "[{\"changed\": {\"fields\": [\"\\u0426\\u0435\\u043d\\u0430\"]}}]"}}, {"model": "admin.logentry", "pk": 94, "fields": {"action_time": "2023-06-04T10:20:44.382Z", "user": 1, "content_type": 11, "object_id": "145", "object_repr": "145 максим Дикарев +79671319455", "action_flag": 3, "change_message": ""}}, {"model": "admin.logentry", "pk": 95, "fields": {"action_time": "2023-06-04T10:57:10.152Z", "user": 1, "content_type": 11, "object_id": "146", "object_repr": "146 Максим Дикарев +79671319455", "action_flag": 2, "change_message": "[{\"added\": {\"name\": \"product in order\", \"object\": \"\\u0421\\u0442\\u0435\\u0439\\u043a\\u0445\\u0430\\u0443\\u0441\"}}]"}}, {"model": "admin.logentry", "pk": 96, "fields": {"action_time": "2023-06-04T10:58:14.514Z", "user": 1, "content_type": 11, "object_id": "155", "object_repr": "155 Олег Дикарев +79671319455", "action_flag": 2, "change_message": "[{\"changed\": {\"name\": \"product in order\", \"object\": \"\\u041b\\u043e\\u043d\\u0433 \\u0427\\u0438\\u0437\\u0431\\u0443\\u0440\\u0433\\u0435\\u0440\\\"\", \"fields\": [\"\\u0424\\u0438\\u043a\\u0441\\u0438\\u0440\\u043e\\u0432\\u0430\\u043d\\u043d\\u0430\\u044f \\u0441\\u0442\\u043e\\u0438\\u043c\\u043e\\u0441\\u0442\\u044c\"]}}]"}}, {"model": "admin.logentry", "pk": 97, "fields": {"action_time": "2023-06-04T12:22:20.943Z", "user": 1, "content_type": 12, "object_id": "128", "object_repr": "Стейкхаус", "action_flag": 3, "change_message": ""}}, {"model": "admin.logentry", "pk": 98, "fields": {"action_time": "2023-06-04T12:22:20.973Z", "user": 1, "content_type": 12, "object_id": "113", "object_repr": "Тройной Воппер", "action_flag": 3, "change_message": ""}}, {"model": "admin.logentry", "pk": 99, "fields": {"action_time": "2023-06-04T12:22:21.001Z", "user": 1, "content_type": 12, "object_id": "112", "object_repr": "Стейкхаус", "action_flag": 3, "change_message": ""}}, {"model": "admin.logentry", "pk": 100, "fields": {"action_time": "2023-06-04T12:22:21.027Z", "user": 1, "content_type": 12, "object_id": "111", "object_repr": "Лонг Чизбургер\"", "action_flag": 3, "change_message": ""}}, {"model": "admin.logentry", "pk": 101, "fields": {"action_time": "2023-06-04T13:01:57.320Z", "user": 1, "content_type": 11, "object_id": "71", "object_repr": "71 Олег2 Дикарев +79671319455", "action_flag": 2, "change_message": "[{\"added\": {\"name\": \"product in order\", \"object\": \"\\u041b\\u043e\\u043d\\u0433 \\u0427\\u0438\\u0437\\u0431\\u0443\\u0440\\u0433\\u0435\\u0440\\\"\"}}]"}}, {"model": "admin.logentry", "pk": 102, "fields": {"action_time": "2023-06-04T13:02:14.002Z", "user": 1, "content_type": 11, "object_id": "71", "object_repr": "71 Олег2 Дикарев +79671319455", "action_flag": 2, "change_message": "[]"}}, {"model": "admin.logentry", "pk": 103, "fields": {"action_time": "2023-06-04T13:43:54.226Z", "user": 1, "content_type": 11, "object_id": "74", "object_repr": "74 Олег23 Дикарев +79671319455", "action_flag": 2, "change_message": "[]"}}, {"model": "admin.logentry", "pk": 104, "fields": {"action_time": "2023-06-04T13:44:05.334Z", "user": 1, "content_type": 11, "object_id": "70", "object_repr": "70 Олег Дикарев +79671319455", "action_flag": 2, "change_message": "[]"}}, {"model": "admin.logentry", "pk": 105, "fields": {"action_time": "2023-06-04T13:44:22.892Z", "user": 1, "content_type": 11, "object_id": "72", "object_repr": "72 Олег Дикарев +79671319455", "action_flag": 2, "change_message": "[{\"changed\": {\"fields\": [\"\\u0418\\u043c\\u044f\"]}}]"}}, {"model": "admin.logentry", "pk": 106, "fields": {"action_time": "2023-06-05T18:19:21.280Z", "user": 1, "content_type": 11, "object_id": "156", "object_repr": "156 Олег Дикарев +79671319455", "action_flag": 2, "change_message": "[{\"changed\": {\"name\": \"product in order\", \"object\": \"\\u0422\\u0440\\u043e\\u0439\\u043d\\u043e\\u0439 \\u0412\\u043e\\u043f\\u043f\\u0435\\u0440\", \"fields\": [\"\\u0424\\u0438\\u043a\\u0441\\u0438\\u0440\\u043e\\u0432\\u0430\\u043d\\u043d\\u0430\\u044f \\u0441\\u0442\\u043e\\u0438\\u043c\\u043e\\u0441\\u0442\\u044c\"]}}]"}}, {"model": "admin.logentry", "pk": 107, "fields": {"action_time": "2023-06-05T18:25:37.015Z", "user": 1, "content_type": 11, "object_id": "154", "object_repr": "154 Олег Дикарев +79671319455", "action_flag": 2, "change_message": "[]"}}, {"model": "admin.logentry", "pk": 108, "fields": {"action_time": "2023-06-05T18:57:26.536Z", "user": 1, "content_type": 11, "object_id": "156", "object_repr": "156 Олег Дикарев +79671319455", "action_flag": 2, "change_message": "[{\"changed\": {\"fields\": [\"Order status\"]}}]"}}, {"model": "admin.logentry", "pk": 109, "fields": {"action_time": "2023-06-05T19:08:34.627Z", "user": 1, "content_type": 11, "object_id": "156", "object_repr": "156 Олег Дикарев +79671319455", "action_flag": 2, "change_message": "[{\"changed\": {\"fields\": [\"Order status\"]}}]"}}, {"model": "admin.logentry", "pk": 110, "fields": {"action_time": "2023-06-05T19:14:51.851Z", "user": 1, "content_type": 11, "object_id": "156", "object_repr": "156 Олег Дикарев +79671319455", "action_flag": 2, "change_message": "[{\"changed\": {\"fields\": [\"Order status\"]}}]"}}, {"model": "admin.logentry", "pk": 111, "fields": {"action_time": "2023-06-05T19:36:14.215Z", "user": 1, "content_type": 11, "object_id": "156", "object_repr": "156 Олег Дикарев +79671319455", "action_flag": 2, "change_message": "[]"}}, {"model": "admin.logentry", "pk": 112, "fields": {"action_time": "2023-06-05T19:36:59.714Z", "user": 1, "content_type": 11, "object_id": "156", "object_repr": "156 Олег Дикарев +79671319455", "action_flag": 2, "change_message": "[{\"changed\": {\"fields\": [\"\\u0421\\u0442\\u0430\\u0442\\u0443\\u0441 \\u0437\\u0430\\u043a\\u0430\\u0437\\u0430\"]}}]"}}, {"model": "admin.logentry", "pk": 113, "fields": {"action_time": "2023-06-05T19:37:07.758Z", "user": 1, "content_type": 11, "object_id": "155", "object_repr": "155 Олег Дикарев +79671319455", "action_flag": 2, "change_message": "[{\"changed\": {\"fields\": [\"\\u0421\\u0442\\u0430\\u0442\\u0443\\u0441 \\u0437\\u0430\\u043a\\u0430\\u0437\\u0430\"]}}]"}}, {"model": "admin.logentry", "pk": 114, "fields": {"action_time": "2023-06-05T19:39:53.033Z", "user": 1, "content_type": 11, "object_id": "152", "object_repr": "152 Олег Дикарев +79671319455", "action_flag": 2, "change_message": "[{\"changed\": {\"fields\": [\"\\u0421\\u0442\\u0430\\u0442\\u0443\\u0441 \\u0437\\u0430\\u043a\\u0430\\u0437\\u0430\"]}}]"}}, {"model": "admin.logentry", "pk": 115, "fields": {"action_time": "2023-06-07T17:52:04.631Z", "user": 1, "content_type": 11, "object_id": "155", "object_repr": "155 Олег Дикарев +79671319455", "action_flag": 2, "change_message": "[{\"changed\": {\"fields\": [\"\\u0421\\u0442\\u0430\\u0442\\u0443\\u0441 \\u0437\\u0430\\u043a\\u0430\\u0437\\u0430\"]}}]"}}, {"model": "admin.logentry", "pk": 116, "fields": {"action_time": "2023-06-07T17:52:15.517Z", "user": 1, "content_type": 11, "object_id": "154", "object_repr": "154 Олег Дикарев +79671319455", "action_flag": 2, "change_message": "[{\"changed\": {\"fields\": [\"\\u0421\\u0442\\u0430\\u0442\\u0443\\u0441 \\u0437\\u0430\\u043a\\u0430\\u0437\\u0430\"]}}]"}}, {"model": "admin.logentry", "pk": 117, "fields": {"action_time": "2023-06-07T18:08:40.868Z", "user": 1, "content_type": 11, "object_id": "156", "object_repr": "156 Олег Дикарев +79671319455", "action_flag": 2, "change_message": "[{\"changed\": {\"fields\": [\"\\u041a\\u043e\\u043c\\u043c\\u0435\\u043d\\u0442\\u0430\\u0440\\u0438\\u0439 \\u043a \\u0437\\u0430\\u043a\\u0430\\u0437\\u0443\"]}}]"}}, {"model": "admin.logentry", "pk": 118, "fields": {"action_time": "2023-06-07T18:12:48.014Z", "user": 1, "content_type": 11, "object_id": "156", "object_repr": "156 Олег Дикарев +79671319455", "action_flag": 2, "change_message": "[{\"changed\": {\"fields\": [\"\\u041a\\u043e\\u043c\\u043c\\u0435\\u043d\\u0442\\u0430\\u0440\\u0438\\u0439 \\u043a \\u0437\\u0430\\u043a\\u0430\\u0437\\u0443\"]}}]"}}, {"model": "admin.logentry", "pk": 119, "fields": {"action_time": "2023-06-07T18:17:12.783Z", "user": 1, "content_type": 11, "object_id": "153", "object_repr": "153 Олег Дикарев +79671319455", "action_flag": 2, "change_message": "[{\"changed\": {\"fields\": [\"\\u041a\\u043e\\u043c\\u043c\\u0435\\u043d\\u0442\\u0430\\u0440\\u0438\\u0439 \\u043a \\u0437\\u0430\\u043a\\u0430\\u0437\\u0443\"]}}]"}}, {"model": "admin.logentry", "pk": 120, "fields": {"action_time": "2023-06-07T19:40:13.468Z", "user": 1, "content_type": 11, "object_id": "158", "object_repr": "158 Вася Олег +79671319455", "action_flag": 1, "change_message": "[{\"added\": {}}, {\"added\": {\"name\": \"product in order\", \"object\": \"\\u0411\\u0435\\u043a\\u043e\\u043d\\u0430\\u0439\\u0437\\u0435\\u0440\"}}]"}}, {"model": "admin.logentry", "pk": 121, "fields": {"action_time": "2023-06-07T19:40:23.415Z", "user": 1, "content_type": 11, "object_id": "158", "object_repr": "158 Вася Олег +79671319455", "action_flag": 2, "change_message": "[{\"changed\": {\"fields\": [\"\\u041f\\u0435\\u0440\\u0435\\u0437\\u0432\\u043e\\u043d\\u0438\\u043b\\u0438 \\u043a\\u043b\\u0438\\u0435\\u043d\\u0442\\u0443\", \"\\u0414\\u043e\\u0441\\u0442\\u0430\\u0432\\u0438\\u043b\\u0438 \\u043a\\u043b\\u0438\\u0435\\u043d\\u0442\\u0443\"]}}]"}}, {"model": "admin.logentry", "pk": 122, "fields": {"action_time": "2023-06-07T20:37:16.015Z", "user": 1, "content_type": 11, "object_id": "160", "object_repr": "160 Вася Олег +79671319455", "action_flag": 2, "change_message": "[{\"changed\": {\"fields\": [\"\\u041a\\u043e\\u043c\\u043c\\u0435\\u043d\\u0442\\u0430\\u0440\\u0438\\u0439 \\u043a \\u0437\\u0430\\u043a\\u0430\\u0437\\u0443\", \"\\u041f\\u0435\\u0440\\u0435\\u0437\\u0432\\u043e\\u043d\\u0438\\u043b\\u0438 \\u043a\\u043b\\u0438\\u0435\\u043d\\u0442\\u0443\", \"\\u0414\\u043e\\u0441\\u0442\\u0430\\u0432\\u0438\\u043b\\u0438 \\u043a\\u043b\\u0438\\u0435\\u043d\\u0442\\u0443\"]}}]"}}, {"model": "admin.logentry", "pk": 123, "fields": {"action_time": "2023-06-07T20:38:11.122Z", "user": 1, "content_type": 11, "object_id": "160", "object_repr": "160 Вася Олег +79671319455", "action_flag": 2, "change_message": "[{\"changed\": {\"fields\": [\"\\u0421\\u0442\\u0430\\u0442\\u0443\\u0441 \\u0437\\u0430\\u043a\\u0430\\u0437\\u0430\"]}}]"}}, {"model": "admin.logentry", "pk": 124, "fields": {"action_time": "2023-06-07T20:38:37.780Z", "user": 1, "content_type": 11, "object_id": "160", "object_repr": "160 Вася Олег +79671319455", "action_flag": 2, "change_message": "[{\"changed\": {\"fields\": [\"\\u0421\\u0442\\u0430\\u0442\\u0443\\u0441 \\u0437\\u0430\\u043a\\u0430\\u0437\\u0430\"]}}]"}}, {"model": "admin.logentry", "pk": 125, "fields": {"action_time": "2023-06-09T06:15:44.158Z", "user": 1, "content_type": 2, "object_id": "1", "object_repr": "Star Burger Арбат", "action_flag": 2, "change_message": "[]"}}, {"model": "admin.logentry", "pk": 126, "fields": {"action_time": "2023-06-09T09:24:29.729Z", "user": 1, "content_type": 11, "object_id": "140", "object_repr": "140 Олег Дикарев +79671319455", "action_flag": 2, "change_message": "[{\"changed\": {\"fields\": [\"\\u041a\\u043e\\u043c\\u043c\\u0435\\u043d\\u0442\\u0430\\u0440\\u0438\\u0439 \\u043a \\u0437\\u0430\\u043a\\u0430\\u0437\\u0443\"]}}, {\"added\": {\"name\": \"product in order\", \"object\": \"\\u0428\\u0440\\u0438\\u043c\\u043f \\u0420\\u043e\\u043b\\u043b\"}}]"}}, {"model": "admin.logentry", "pk": 127, "fields": {"action_time": "2023-06-09T09:25:36.287Z", "user": 1, "content_type": 2, "object_id": "3", "object_repr": "Star Burger Европейский", "action_flag": 2, "change_message": "[{\"changed\": {\"name\": \"\\u043f\\u0443\\u043d\\u043a\\u0442 \\u043c\\u0435\\u043d\\u044e \\u0440\\u0435\\u0441\\u0442\\u043e\\u0440\\u0430\\u043d\\u0430\", \"object\": \"Star Burger \\u0415\\u0432\\u0440\\u043e\\u043f\\u0435\\u0439\\u0441\\u043a\\u0438\\u0439 - \\u0421\\u0442\\u0435\\u0439\\u043a\\u0445\\u0430\\u0443\\u0441\", \"fields\": [\"\\u0412 \\u043f\\u0440\\u043e\\u0434\\u0430\\u0436\\u0435\"]}}]"}}, {"model": "admin.logentry", "pk": 128, "fields": {"action_time": "2023-06-09T09:25:50.364Z", "user": 1, "content_type": 11, "object_id": "149", "object_repr": "149 Олег Дикарев +79671319455", "action_flag": 2, "change_message": "[]"}}, {"model": "admin.logentry", "pk": 129, "fields": {"action_time": "2023-06-09T09:27:30.703Z", "user": 1, "content_type": 11, "object_id": "161", "object_repr": "161 Вася Олег +79671319455", "action_flag": 2, "change_message": "[]"}}, {"model": "admin.logentry", "pk": 130, "fields": {"action_time": "2023-06-09T09:28:15.267Z", "user": 1, "content_type": 11, "object_id": "161", "object_repr": "161 Вася Олег +79671319455", "action_flag": 2, "change_message": "[{\"deleted\": {\"name\": \"product in order\", \"object\": \"\\u041b\\u043e\\u043d\\u0433 \\u0427\\u0438\\u0437\\u0431\\u0443\\u0440\\u0433\\u0435\\u0440\\\"\"}}, {\"deleted\": {\"name\": \"product in order\", \"object\": \"\\u0422\\u0440\\u043e\\u0439\\u043d\\u043e\\u0439 \\u0412\\u043e\\u043f\\u043f\\u0435\\u0440\"}}]"}}, {"model": "admin.logentry", "pk": 131, "fields": {"action_time": "2023-06-09T09:28:32.931Z", "user": 1, "content_type": 11, "object_id": "161", "object_repr": "161 Вася Олег +79671319455", "action_flag": 2, "change_message": "[{\"added\": {\"name\": \"product in order\", \"object\": \"\\u0424\\u0438\\u0448 \\u0420\\u043e\\u043b\\u043b\"}}]"}}, {"model": "admin.logentry", "pk": 132, "fields": {"action_time": "2023-06-09T09:28:50.619Z", "user": 1, "content_type": 11, "object_id": "161", "object_repr": "161 Вася Олег +79671319455", "action_flag": 2, "change_message": "[]"}}, {"model": "admin.logentry", "pk": 133, "fields": {"action_time": "2023-06-09T09:30:19.831Z", "user": 1, "content_type": 2, "object_id": "1", "object_repr": "Star Burger Арбат", "action_flag": 2, "change_message": "[{\"deleted\": {\"name\": \"\\u043f\\u0443\\u043d\\u043a\\u0442 \\u043c\\u0435\\u043d\\u044e \\u0440\\u0435\\u0441\\u0442\\u043e\\u0440\\u0430\\u043d\\u0430\", \"object\": \"Star Burger \\u0410\\u0440\\u0431\\u0430\\u0442 - \\u0424\\u0438\\u0448 \\u0420\\u043e\\u043b\\u043b\"}}]"}}, {"model": "admin.logentry", "pk": 134, "fields": {"action_time": "2023-06-09T09:59:02.239Z", "user": 1, "content_type": 11, "object_id": "161", "object_repr": "161 Вася Олег +79671319455", "action_flag": 2, "change_message": "[{\"changed\": {\"fields\": [\"\\u0420\\u0435\\u0441\\u0442\\u043e\\u0440\\u0430\\u043d \\u0434\\u043b\\u044f \\u043f\\u0440\\u0438\\u0433\\u043e\\u0442\\u043e\\u0432\\u043b\\u0435\\u043d\\u0438\\u044f \\u0437\\u0430\\u043a\\u0430\\u0437\\u0430\"]}}]"}}, {"model": "admin.logentry", "pk": 135, "fields": {"action_time": "2023-06-09T10:01:38.010Z", "user": 1, "content_type": 11, "object_id": "161", "object_repr": "161 Вася Олег +79671319455", "action_flag": 2, "change_message": "[{\"changed\": {\"fields\": [\"\\u0420\\u0435\\u0441\\u0442\\u043e\\u0440\\u0430\\u043d \\u0434\\u043b\\u044f \\u043f\\u0440\\u0438\\u0433\\u043e\\u0442\\u043e\\u0432\\u043b\\u0435\\u043d\\u0438\\u044f \\u0437\\u0430\\u043a\\u0430\\u0437\\u0430\"]}}]"}}, {"model": "admin.logentry", "pk": 136, "fields": {"action_time": "2023-06-10T08:32:03.203Z", "user": 1, "content_type": 11, "object_id": "162", "object_repr": "162 Витя Снуров +79994565555", "action_flag": 1, "change_message": "[{\"added\": {}}, {\"added\": {\"name\": \"product in order\", \"object\": \"\\u0428\\u0440\\u0438\\u043c\\u043f \\u0420\\u043e\\u043b\\u043b\"}}, {\"added\": {\"name\": \"product in order\", \"object\": \"\\u0421\\u0442\\u0435\\u0439\\u043a\\u0445\\u0430\\u0443\\u0441\"}}]"}}, {"model": "admin.logentry", "pk": 137, "fields": {"action_time": "2023-06-10T08:41:28.560Z", "user": 1, "content_type": 11, "object_id": "161", "object_repr": "161 Вася Олег +79671319455", "action_flag": 2, "change_message": "[{\"changed\": {\"fields\": [\"\\u0421\\u0442\\u0430\\u0442\\u0443\\u0441 \\u0437\\u0430\\u043a\\u0430\\u0437\\u0430\"]}}]"}}, {"model": "admin.logentry", "pk": 138, "fields": {"action_time": "2023-06-11T06:01:26.888Z", "user": 1, "content_type": 11, "object_id": "162", "object_repr": "162 Витя Снуров +79994565555", "action_flag": 2, "change_message": "[{\"changed\": {\"fields\": [\"\\u0421\\u0442\\u0430\\u0442\\u0443\\u0441 \\u0437\\u0430\\u043a\\u0430\\u0437\\u0430\", \"\\u0420\\u0435\\u0441\\u0442\\u043e\\u0440\\u0430\\u043d \\u0434\\u043b\\u044f \\u043f\\u0440\\u0438\\u0433\\u043e\\u0442\\u043e\\u0432\\u043b\\u0435\\u043d\\u0438\\u044f \\u0437\\u0430\\u043a\\u0430\\u0437\\u0430\"]}}]"}}, {"model": "admin.logentry", "pk": 139, "fields": {"action_time": "2023-06-11T12:18:17.584Z", "user": 1, "content_type": 11, "object_id": "160", "object_repr": "160 Вася Олег +79671319455", "action_flag": 2, "change_message": "[{\"changed\": {\"fields\": [\"\\u0421\\u0442\\u0430\\u0442\\u0443\\u0441 \\u0437\\u0430\\u043a\\u0430\\u0437\\u0430\"]}}]"}}, {"model": "admin.logentry", "pk": 140, "fields": {"action_time": "2023-06-11T12:18:33.868Z", "user": 1, "content_type": 11, "object_id": "156", "object_repr": "156 Олег Дикарев +79671319455", "action_flag": 2, "change_message": "[{\"changed\": {\"fields\": [\"\\u0421\\u0442\\u0430\\u0442\\u0443\\u0441 \\u0437\\u0430\\u043a\\u0430\\u0437\\u0430\"]}}]"}}, {"model": "admin.logentry", "pk": 141, "fields": {"action_time": "2023-06-11T12:19:00.127Z", "user": 1, "content_type": 11, "object_id": "153", "object_repr": "153 Олег Дикарев +79671319455", "action_flag": 2, "change_message": "[{\"changed\": {\"fields\": [\"\\u0421\\u0442\\u0430\\u0442\\u0443\\u0441 \\u0437\\u0430\\u043a\\u0430\\u0437\\u0430\"]}}]"}}, {"model": "admin.logentry", "pk": 142, "fields": {"action_time": "2023-06-11T15:40:09.760Z", "user": 1, "content_type": 11, "object_id": "160", "object_repr": "160 Вася Олег +79671319455", "action_flag": 2, "change_message": "[]"}}, {"model": "admin.logentry", "pk": 143, "fields": {"action_time": "2023-06-11T15:40:35.522Z", "user": 1, "content_type": 11, "object_id": "160", "object_repr": "160 Вася Олег +79671319455", "action_flag": 2, "change_message": "[{\"added\": {\"name\": \"product in order\", \"object\": \"\\u0421\\u0442\\u0435\\u0439\\u043a\\u0445\\u0430\\u0443\\u0441\"}}]"}}, {"model": "admin.logentry", "pk": 144, "fields": {"action_time": "2023-06-14T07:54:44.018Z", "user": 1, "content_type": 11, "object_id": "153", "object_repr": "153 Олег Дикарев +79671319455", "action_flag": 2, "change_message": "[{\"changed\": {\"fields\": [\"\\u0410\\u0434\\u0440\\u0435\\u0441 \\u0434\\u043e\\u0441\\u0442\\u0430\\u0432\\u043a\\u0438\"]}}]"}}, {"model": "admin.logentry", "pk": 145, "fields": {"action_time": "2023-06-14T09:15:14.800Z", "user": 1, "content_type": 11, "object_id": "159", "object_repr": "159 Вася Олег +79671319455", "action_flag": 3, "change_message": ""}}, {"model": "admin.logentry", "pk": 146, "fields": {"action_time": "2023-06-14T09:15:14.834Z", "user": 1, "content_type": 11, "object_id": "158", "object_repr": "158 Вася Олег +79671319455", "action_flag": 3, "change_message": ""}}, {"model": "admin.logentry", "pk": 147, "fields": {"action_time": "2023-06-14T09:15:14.859Z", "user": 1, "content_type": 11, "object_id": "157", "object_repr": "157 Вася Васильев +79671319455", "action_flag": 3, "change_message": ""}}, {"model": "admin.logentry", "pk": 148, "fields": {"action_time": "2023-06-14T09:15:14.883Z", "user": 1, "content_type": 11, "object_id": "156", "object_repr": "156 Олег Дикарев +79671319455", "action_flag": 3, "change_message": ""}}, {"model": "admin.logentry", "pk": 149, "fields": {"action_time": "2023-06-14T09:15:14.908Z", "user": 1, "content_type": 11, "object_id": "155", "object_repr": "155 Олег Дикарев +79671319455", "action_flag": 3, "change_message": ""}}, {"model": "admin.logentry", "pk": 150, "fields": {"action_time": "2023-06-14T09:15:14.939Z", "user": 1, "content_type": 11, "object_id": "154", "object_repr": "154 Олег Дикарев +79671319455", "action_flag": 3, "change_message": ""}}, {"model": "admin.logentry", "pk": 151, "fields": {"action_time": "2023-06-14T09:15:14.970Z", "user": 1, "content_type": 11, "object_id": "153", "object_repr": "153 Олег Дикарев +79671319455", "action_flag": 3, "change_message": ""}}, {"model": "admin.logentry", "pk": 152, "fields": {"action_time": "2023-06-14T09:15:15.003Z", "user": 1, "content_type": 11, "object_id": "152", "object_repr": "152 Олег Дикарев +79671319455", "action_flag": 3, "change_message": ""}}, {"model": "admin.logentry", "pk": 153, "fields": {"action_time": "2023-06-14T09:15:15.030Z", "user": 1, "content_type": 11, "object_id": "151", "object_repr": "151 Олег Дикарев +79671319455", "action_flag": 3, "change_message": ""}}, {"model": "admin.logentry", "pk": 154, "fields": {"action_time": "2023-06-14T09:15:15.055Z", "user": 1, "content_type": 11, "object_id": "150", "object_repr": "150 Олег Дикарев +79671319455", "action_flag": 3, "change_message": ""}}, {"model": "admin.logentry", "pk": 155, "fields": {"action_time": "2023-06-14T09:15:15.079Z", "user": 1, "content_type": 11, "object_id": "149", "object_repr": "149 Олег Дикарев +79671319455", "action_flag": 3, "change_message": ""}}, {"model": "admin.logentry", "pk": 156, "fields": {"action_time": "2023-06-14T09:15:15.105Z", "user": 1, "content_type": 11, "object_id": "148", "object_repr": "148 Олег Дикарев +79671319455", "action_flag": 3, "change_message": ""}}, {"model": "admin.logentry", "pk": 157, "fields": {"action_time": "2023-06-14T09:15:15.129Z", "user": 1, "content_type": 11, "object_id": "147", "object_repr": "147 Олег Дикарев +79671319455", "action_flag": 3, "change_message": ""}}, {"model": "admin.logentry", "pk": 158, "fields": {"action_time": "2023-06-14T09:15:15.155Z", "user": 1, "content_type": 11, "object_id": "146", "object_repr": "146 Максим Дикарев +79671319455", "action_flag": 3, "change_message": ""}}, {"model": "admin.logentry", "pk": 159, "fields": {"action_time": "2023-06-14T09:15:15.180Z", "user": 1, "content_type": 11, "object_id": "144", "object_repr": "144 Олег Дикарев +79671319455", "action_flag": 3, "change_message": ""}}, {"model": "admin.logentry", "pk": 160, "fields": {"action_time": "2023-06-14T09:15:15.205Z", "user": 1, "content_type": 11, "object_id": "143", "object_repr": "143 Олег Дикарев +79671319455", "action_flag": 3, "change_message": ""}}, {"model": "admin.logentry", "pk": 161, "fields": {"action_time": "2023-06-14T09:15:15.231Z", "user": 1, "content_type": 11, "object_id": "142", "object_repr": "142 Олег Дикарев +79671319455", "action_flag": 3, "change_message": ""}}, {"model": "admin.logentry", "pk": 162, "fields": {"action_time": "2023-06-14T09:15:15.258Z", "user": 1, "content_type": 11, "object_id": "141", "object_repr": "141 Олег Дикарев +79671319455", "action_flag": 3, "change_message": ""}}, {"model": "admin.logentry", "pk": 163, "fields": {"action_time": "2023-06-14T09:15:15.282Z", "user": 1, "content_type": 11, "object_id": "140", "object_repr": "140 Олег Дикарев +79671319455", "action_flag": 3, "change_message": ""}}, {"model": "admin.logentry", "pk": 164, "fields": {"action_time": "2023-06-14T09:15:15.309Z", "user": 1, "content_type": 11, "object_id": "139", "object_repr": "139 Олег Дикарев +79671319455", "action_flag": 3, "change_message": ""}}, {"model": "admin.logentry", "pk": 165, "fields": {"action_time": "2023-06-14T09:15:15.333Z", "user": 1, "content_type": 11, "object_id": "138", "object_repr": "138 Олег Дикарев +79631319455", "action_flag": 3, "change_message": ""}}, {"model": "admin.logentry", "pk": 166, "fields": {"action_time": "2023-06-14T09:15:15.358Z", "user": 1, "content_type": 11, "object_id": "137", "object_repr": "137 Вася Васильевич +79993233344", "action_flag": 3, "change_message": ""}}, {"model": "admin.logentry", "pk": 167, "fields": {"action_time": "2023-06-14T09:15:15.382Z", "user": 1, "content_type": 11, "object_id": "136", "object_repr": "136 Василий Васильевич +79123456789", "action_flag": 3, "change_message": ""}}, {"model": "admin.logentry", "pk": 168, "fields": {"action_time": "2023-06-14T09:15:15.408Z", "user": 1, "content_type": 11, "object_id": "135", "object_repr": "135 Василий Васильевич +79123456789", "action_flag": 3, "change_message": ""}}, {"model": "admin.logentry", "pk": 169, "fields": {"action_time": "2023-06-14T09:15:15.432Z", "user": 1, "content_type": 11, "object_id": "134", "object_repr": "134 Василий Васильевич +79123456789", "action_flag": 3, "change_message": ""}}, {"model": "admin.logentry", "pk": 170, "fields": {"action_time": "2023-06-14T09:15:15.455Z", "user": 1, "content_type": 11, "object_id": "133", "object_repr": "133 Василий Васильевич +79123456789", "action_flag": 3, "change_message": ""}}, {"model": "admin.logentry", "pk": 171, "fields": {"action_time": "2023-06-14T09:15:15.480Z", "user": 1, "content_type": 11, "object_id": "132", "object_repr": "132 Олег Дикарев +79671319455", "action_flag": 3, "change_message": ""}}, {"model": "admin.logentry", "pk": 172, "fields": {"action_time": "2023-06-14T09:15:15.506Z", "user": 1, "content_type": 11, "object_id": "131", "object_repr": "131 Василий Васильевич +79123456789", "action_flag": 3, "change_message": ""}}, {"model": "admin.logentry", "pk": 173, "fields": {"action_time": "2023-06-14T09:15:15.529Z", "user": 1, "content_type": 11, "object_id": "130", "object_repr": "130 Василий Васильевич +79123456789", "action_flag": 3, "change_message": ""}}, {"model": "admin.logentry", "pk": 174, "fields": {"action_time": "2023-06-14T09:15:15.553Z", "user": 1, "content_type": 11, "object_id": "129", "object_repr": "129 Василий Васильевич +79123456789", "action_flag": 3, "change_message": ""}}, {"model": "admin.logentry", "pk": 175, "fields": {"action_time": "2023-06-14T09:15:15.579Z", "user": 1, "content_type": 11, "object_id": "128", "object_repr": "128 Василий Васильевич +79123456789", "action_flag": 3, "change_message": ""}}, {"model": "admin.logentry", "pk": 176, "fields": {"action_time": "2023-06-14T09:15:15.614Z", "user": 1, "content_type": 11, "object_id": "127", "object_repr": "127 Василий Васильевич +79123456789", "action_flag": 3, "change_message": ""}}, {"model": "admin.logentry", "pk": 177, "fields": {"action_time": "2023-06-14T09:15:15.639Z", "user": 1, "content_type": 11, "object_id": "126", "object_repr": "126 Василий Васильевич +79123456789", "action_flag": 3, "change_message": ""}}, {"model": "admin.logentry", "pk": 178, "fields": {"action_time": "2023-06-14T09:15:15.663Z", "user": 1, "content_type": 11, "object_id": "125", "object_repr": "125 Василий Васильевич +79123456789", "action_flag": 3, "change_message": ""}}, {"model": "admin.logentry", "pk": 179, "fields": {"action_time": "2023-06-14T09:15:15.687Z", "user": 1, "content_type": 11, "object_id": "124", "object_repr": "124 Василий Васильевич +79123456789", "action_flag": 3, "change_message": ""}}, {"model": "admin.logentry", "pk": 180, "fields": {"action_time": "2023-06-14T09:15:15.711Z", "user": 1, "content_type": 11, "object_id": "123", "object_repr": "123 Василий Васильевич +79123456789", "action_flag": 3, "change_message": ""}}, {"model": "admin.logentry", "pk": 181, "fields": {"action_time": "2023-06-14T09:15:15.733Z", "user": 1, "content_type": 11, "object_id": "122", "object_repr": "122 Василий Васильевич +79123456789", "action_flag": 3, "change_message": ""}}, {"model": "admin.logentry", "pk": 182, "fields": {"action_time": "2023-06-14T09:15:15.759Z", "user": 1, "content_type": 11, "object_id": "121", "object_repr": "121 Василий Васильевич +79123456789", "action_flag": 3, "change_message": ""}}, {"model": "admin.logentry", "pk": 183, "fields": {"action_time": "2023-06-14T09:15:15.783Z", "user": 1, "content_type": 11, "object_id": "120", "object_repr": "120 wwwwww dfsdfsdf +79291000000", "action_flag": 3, "change_message": ""}}, {"model": "admin.logentry", "pk": 184, "fields": {"action_time": "2023-06-14T09:15:15.807Z", "user": 1, "content_type": 11, "object_id": "119", "object_repr": "119 wwwwww dfsdfsdf +79291000000", "action_flag": 3, "change_message": ""}}, {"model": "admin.logentry", "pk": 185, "fields": {"action_time": "2023-06-14T09:15:15.832Z", "user": 1, "content_type": 11, "object_id": "118", "object_repr": "118 wwwwww dfsdfsdf +79291000000", "action_flag": 3, "change_message": ""}}, {"model": "admin.logentry", "pk": 186, "fields": {"action_time": "2023-06-14T09:15:15.866Z", "user": 1, "content_type": 11, "object_id": "117", "object_repr": "117 wwwwww dfsdfsdf +79291000000", "action_flag": 3, "change_message": ""}}, {"model": "admin.logentry", "pk": 187, "fields": {"action_time": "2023-06-14T09:15:15.890Z", "user": 1, "content_type": 11, "object_id": "116", "object_repr": "116 wwwwww dfsdfsdf +79291000000", "action_flag": 3, "change_message": ""}}, {"model": "admin.logentry", "pk": 188, "fields": {"action_time": "2023-06-14T09:15:15.913Z", "user": 1, "content_type": 11, "object_id": "115", "object_repr": "115 wwwwww dfsdfsdf +79291000000", "action_flag": 3, "change_message": ""}}, {"model": "admin.logentry", "pk": 189, "fields": {"action_time": "2023-06-14T09:15:15.938Z", "user": 1, "content_type": 11, "object_id": "114", "object_repr": "114 wwwwww dfsdfsdf +79291000000", "action_flag": 3, "change_message": ""}}, {"model": "admin.logentry", "pk": 190, "fields": {"action_time": "2023-06-14T09:15:15.962Z", "user": 1, "content_type": 11, "object_id": "113", "object_repr": "113 wwwwww dfsdfsdf +79291000000", "action_flag": 3, "change_message": ""}}, {"model": "admin.logentry", "pk": 191, "fields": {"action_time": "2023-06-14T09:15:15.988Z", "user": 1, "content_type": 11, "object_id": "112", "object_repr": "112 wwwwww dfsdfsdf +79291000000", "action_flag": 3, "change_message": ""}}, {"model": "admin.logentry", "pk": 192, "fields": {"action_time": "2023-06-14T09:15:16.012Z", "user": 1, "content_type": 11, "object_id": "111", "object_repr": "111 wwwwww dfsdfsdf +79291000000", "action_flag": 3, "change_message": ""}}, {"model": "admin.logentry", "pk": 193, "fields": {"action_time": "2023-06-14T09:15:16.045Z", "user": 1, "content_type": 11, "object_id": "110", "object_repr": "110 Витя Шоколенко +79291000000", "action_flag": 3, "change_message": ""}}, {"model": "admin.logentry", "pk": 194, "fields": {"action_time": "2023-06-14T09:15:16.075Z", "user": 1, "content_type": 11, "object_id": "109", "object_repr": "109 Тимур Иванов ", "action_flag": 3, "change_message": ""}}, {"model": "admin.logentry", "pk": 195, "fields": {"action_time": "2023-06-14T09:15:16.107Z", "user": 1, "content_type": 11, "object_id": "108", "object_repr": "108 Олег Дикарев +79671319455", "action_flag": 3, "change_message": ""}}, {"model": "admin.logentry", "pk": 196, "fields": {"action_time": "2023-06-14T09:15:16.136Z", "user": 1, "content_type": 11, "object_id": "107", "object_repr": "107 Олег Дикарев +79671319455", "action_flag": 3, "change_message": ""}}, {"model": "admin.logentry", "pk": 197, "fields": {"action_time": "2023-06-14T09:15:16.160Z", "user": 1, "content_type": 11, "object_id": "106", "object_repr": "106 Oleg Dikarev +79671319455", "action_flag": 3, "change_message": ""}}, {"model": "admin.logentry", "pk": 198, "fields": {"action_time": "2023-06-14T09:15:16.185Z", "user": 1, "content_type": 11, "object_id": "105", "object_repr": "105 Олег Дикарев +79631319455", "action_flag": 3, "change_message": ""}}, {"model": "admin.logentry", "pk": 199, "fields": {"action_time": "2023-06-14T09:15:16.209Z", "user": 1, "content_type": 11, "object_id": "104", "object_repr": "104 Олег Дикарев +79671319455", "action_flag": 3, "change_message": ""}}, {"model": "admin.logentry", "pk": 200, "fields": {"action_time": "2023-06-14T09:15:16.233Z", "user": 1, "content_type": 11, "object_id": "103", "object_repr": "103 Олег Дикарев +79671319455", "action_flag": 3, "change_message": ""}}, {"model": "admin.logentry", "pk": 201, "fields": {"action_time": "2023-06-14T09:15:16.258Z", "user": 1, "content_type": 11, "object_id": "102", "object_repr": "102 Олег Дикарев +79671319455", "action_flag": 3, "change_message": ""}}, {"model": "admin.logentry", "pk": 202, "fields": {"action_time": "2023-06-14T09:15:16.283Z", "user": 1, "content_type": 11, "object_id": "101", "object_repr": "101 Олег Дикарев +79671319455", "action_flag": 3, "change_message": ""}}, {"model": "admin.logentry", "pk": 203, "fields": {"action_time": "2023-06-14T09:15:16.307Z", "user": 1, "content_type": 11, "object_id": "100", "object_repr": "100 Олег Дикарев +79671319455", "action_flag": 3, "change_message": ""}}, {"model": "admin.logentry", "pk": 204, "fields": {"action_time": "2023-06-14T09:15:16.332Z", "user": 1, "content_type": 11, "object_id": "99", "object_repr": "99 Олег Дикарев +79671319455", "action_flag": 3, "change_message": ""}}, {"model": "admin.logentry", "pk": 205, "fields": {"action_time": "2023-06-14T09:15:16.357Z", "user": 1, "content_type": 11, "object_id": "98", "object_repr": "98 Oleg Dikarev +79671319455", "action_flag": 3, "change_message": ""}}, {"model": "admin.logentry", "pk": 206, "fields": {"action_time": "2023-06-14T09:15:16.380Z", "user": 1, "content_type": 11, "object_id": "97", "object_repr": "97 Иван Петров +79291000000", "action_flag": 3, "change_message": ""}}, {"model": "admin.logentry", "pk": 207, "fields": {"action_time": "2023-06-14T09:15:16.405Z", "user": 1, "content_type": 11, "object_id": "96", "object_repr": "96 Олег Дикарев +79671319455", "action_flag": 3, "change_message": ""}}, {"model": "admin.logentry", "pk": 208, "fields": {"action_time": "2023-06-14T09:15:16.431Z", "user": 1, "content_type": 11, "object_id": "95", "object_repr": "95 Олег Дикарев +79671319455", "action_flag": 3, "change_message": ""}}, {"model": "admin.logentry", "pk": 209, "fields": {"action_time": "2023-06-14T09:15:16.455Z", "user": 1, "content_type": 11, "object_id": "94", "object_repr": "94 Олег Дикарев +79671319455", "action_flag": 3, "change_message": ""}}, {"model": "admin.logentry", "pk": 210, "fields": {"action_time": "2023-06-14T09:15:16.480Z", "user": 1, "content_type": 11, "object_id": "93", "object_repr": "93 Олег Дикарев +79671319455", "action_flag": 3, "change_message": ""}}, {"model": "admin.logentry", "pk": 211, "fields": {"action_time": "2023-06-14T09:15:16.505Z", "user": 1, "content_type": 11, "object_id": "92", "object_repr": "92 Олег Дикарев +79671319455", "action_flag": 3, "change_message": ""}}, {"model": "admin.logentry", "pk": 212, "fields": {"action_time": "2023-06-14T09:15:16.529Z", "user": 1, "content_type": 11, "object_id": "91", "object_repr": "91 Олег Дикарев +79671319455", "action_flag": 3, "change_message": ""}}, {"model": "admin.logentry", "pk": 213, "fields": {"action_time": "2023-06-14T09:15:16.554Z", "user": 1, "content_type": 11, "object_id": "90", "object_repr": "90 Олег Дикарев +79671319455", "action_flag": 3, "change_message": ""}}, {"model": "admin.logentry", "pk": 214, "fields": {"action_time": "2023-06-14T09:15:16.579Z", "user": 1, "content_type": 11, "object_id": "89", "object_repr": "89 Олег Дикарев +79671319455", "action_flag": 3, "change_message": ""}}, {"model": "admin.logentry", "pk": 215, "fields": {"action_time": "2023-06-14T09:15:16.605Z", "user": 1, "content_type": 11, "object_id": "88", "object_repr": "88 Олег Дикарев +79671319455", "action_flag": 3, "change_message": ""}}, {"model": "admin.logentry", "pk": 216, "fields": {"action_time": "2023-06-14T09:15:16.630Z", "user": 1, "content_type": 11, "object_id": "87", "object_repr": "87 Олег Дикарев +79671319455", "action_flag": 3, "change_message": ""}}, {"model": "admin.logentry", "pk": 217, "fields": {"action_time": "2023-06-14T09:15:16.656Z", "user": 1, "content_type": 11, "object_id": "86", "object_repr": "86 Олег Дикарев +79671319455", "action_flag": 3, "change_message": ""}}, {"model": "admin.logentry", "pk": 218, "fields": {"action_time": "2023-06-14T09:15:16.679Z", "user": 1, "content_type": 11, "object_id": "85", "object_repr": "85 Олег Дикарев +79671319455", "action_flag": 3, "change_message": ""}}, {"model": "admin.logentry", "pk": 219, "fields": {"action_time": "2023-06-14T09:15:16.713Z", "user": 1, "content_type": 11, "object_id": "84", "object_repr": "84 Тимур2 Дикарев +79671319455", "action_flag": 3, "change_message": ""}}, {"model": "admin.logentry", "pk": 220, "fields": {"action_time": "2023-06-14T09:15:16.738Z", "user": 1, "content_type": 11, "object_id": "83", "object_repr": "83 Тимур2 Дикарев +79671319455", "action_flag": 3, "change_message": ""}}, {"model": "admin.logentry", "pk": 221, "fields": {"action_time": "2023-06-14T09:15:16.762Z", "user": 1, "content_type": 11, "object_id": "82", "object_repr": "82 Олег Дикарев +79671319455", "action_flag": 3, "change_message": ""}}, {"model": "admin.logentry", "pk": 222, "fields": {"action_time": "2023-06-14T09:15:16.788Z", "user": 1, "content_type": 11, "object_id": "81", "object_repr": "81 Олег Дикарев +79671319455", "action_flag": 3, "change_message": ""}}, {"model": "admin.logentry", "pk": 223, "fields": {"action_time": "2023-06-14T09:15:16.813Z", "user": 1, "content_type": 11, "object_id": "80", "object_repr": "80 Олег Дикарев +79671319455", "action_flag": 3, "change_message": ""}}, {"model": "admin.logentry", "pk": 224, "fields": {"action_time": "2023-06-14T09:15:16.848Z", "user": 1, "content_type": 11, "object_id": "79", "object_repr": "79 Олег Дикарев +79671319455", "action_flag": 3, "change_message": ""}}, {"model": "admin.logentry", "pk": 225, "fields": {"action_time": "2023-06-14T09:15:16.872Z", "user": 1, "content_type": 11, "object_id": "78", "object_repr": "78 Олег Дикарев +79671319455", "action_flag": 3, "change_message": ""}}, {"model": "admin.logentry", "pk": 226, "fields": {"action_time": "2023-06-14T09:15:16.897Z", "user": 1, "content_type": 11, "object_id": "77", "object_repr": "77 Олег23 Дикарев +79671319455", "action_flag": 3, "change_message": ""}}, {"model": "admin.logentry", "pk": 227, "fields": {"action_time": "2023-06-14T09:15:16.923Z", "user": 1, "content_type": 11, "object_id": "76", "object_repr": "76 Олег23 Дикарев +79671319455", "action_flag": 3, "change_message": ""}}, {"model": "admin.logentry", "pk": 228, "fields": {"action_time": "2023-06-14T09:15:16.947Z", "user": 1, "content_type": 11, "object_id": "75", "object_repr": "75 Олег23 Дикарев +79671319455", "action_flag": 3, "change_message": ""}}, {"model": "admin.logentry", "pk": 229, "fields": {"action_time": "2023-06-14T09:15:16.972Z", "user": 1, "content_type": 11, "object_id": "74", "object_repr": "74 Олег23 Дикарев +79671319455", "action_flag": 3, "change_message": ""}}, {"model": "admin.logentry", "pk": 230, "fields": {"action_time": "2023-06-14T09:15:16.997Z", "user": 1, "content_type": 11, "object_id": "73", "object_repr": "73 Олег23 Дикарев +79671319455", "action_flag": 3, "change_message": ""}}, {"model": "admin.logentry", "pk": 231, "fields": {"action_time": "2023-06-14T09:15:17.024Z", "user": 1, "content_type": 11, "object_id": "72", "object_repr": "72 Олег Дикарев +79671319455", "action_flag": 3, "change_message": ""}}, {"model": "admin.logentry", "pk": 232, "fields": {"action_time": "2023-06-14T09:15:17.047Z", "user": 1, "content_type": 11, "object_id": "71", "object_repr": "71 Олег2 Дикарев +79671319455", "action_flag": 3, "change_message": ""}}, {"model": "admin.logentry", "pk": 233, "fields": {"action_time": "2023-06-14T09:15:17.072Z", "user": 1, "content_type": 11, "object_id": "70", "object_repr": "70 Олег Дикарев +79671319455", "action_flag": 3, "change_message": ""}}, {"model": "admin.logentry", "pk": 234, "fields": {"action_time": "2023-06-14T09:15:17.097Z", "user": 1, "content_type": 11, "object_id": "69", "object_repr": "69 Оля Волкова +79671319455", "action_flag": 3, "change_message": ""}}, {"model": "admin.logentry", "pk": 235, "fields": {"action_time": "2023-06-14T09:15:17.122Z", "user": 1, "content_type": 11, "object_id": "68", "object_repr": "68 Оля Волкова +79671319455", "action_flag": 3, "change_message": ""}}, {"model": "admin.logentry", "pk": 236, "fields": {"action_time": "2023-06-14T09:15:35.052Z", "user": 1, "content_type": 11, "object_id": "162", "object_repr": "162 Витя Снуров +79994565555", "action_flag": 2, "change_message": "[{\"changed\": {\"fields\": [\"\\u0421\\u0442\\u0430\\u0442\\u0443\\u0441 \\u0437\\u0430\\u043a\\u0430\\u0437\\u0430\", \"\\u0420\\u0435\\u0441\\u0442\\u043e\\u0440\\u0430\\u043d \\u0434\\u043b\\u044f \\u043f\\u0440\\u0438\\u0433\\u043e\\u0442\\u043e\\u0432\\u043b\\u0435\\u043d\\u0438\\u044f \\u0437\\u0430\\u043a\\u0430\\u0437\\u0430\"]}}]"}}, {"model": "admin.logentry", "pk": 237, "fields": {"action_time": "2023-06-14T09:15:56.152Z", "user": 1, "content_type": 11, "object_id": "161", "object_repr": "161 Вася Олег +79671319455", "action_flag": 2, "change_message": "[{\"changed\": {\"fields\": [\"\\u0421\\u0442\\u0430\\u0442\\u0443\\u0441 \\u0437\\u0430\\u043a\\u0430\\u0437\\u0430\", \"\\u0420\\u0435\\u0441\\u0442\\u043e\\u0440\\u0430\\u043d \\u0434\\u043b\\u044f \\u043f\\u0440\\u0438\\u0433\\u043e\\u0442\\u043e\\u0432\\u043b\\u0435\\u043d\\u0438\\u044f \\u0437\\u0430\\u043a\\u0430\\u0437\\u0430\"]}}, {\"added\": {\"name\": \"product in order\", \"object\": \"\\u0422\\u0440\\u043e\\u0439\\u043d\\u043e\\u0439 \\u0412\\u043e\\u043f\\u043f\\u0435\\u0440\"}}]"}}, {"model": "admin.logentry", "pk": 238, "fields": {"action_time": "2023-06-14T09:16:06.188Z", "user": 1, "content_type": 11, "object_id": "160", "object_repr": "160 Вася Олег +79671319455", "action_flag": 2, "change_message": "[]"}}, {"model": "admin.logentry", "pk": 239, "fields": {"action_time": "2023-06-14T09:44:53.745Z", "user": 1, "content_type": 11, "object_id": "160", "object_repr": "160 Вася Олег +79671319455", "action_flag": 2, "change_message": "[{\"changed\": {\"fields\": [\"\\u0410\\u0434\\u0440\\u0435\\u0441 \\u0434\\u043e\\u0441\\u0442\\u0430\\u0432\\u043a\\u0438\"]}}]"}}, {"model": "admin.logentry", "pk": 240, "fields": {"action_time": "2023-06-14T10:11:03.521Z", "user": 1, "content_type": 11, "object_id": "163", "object_repr": "163 Вася Олег +79671319455", "action_flag": 1, "change_message": "[{\"added\": {}}, {\"added\": {\"name\": \"product in order\", \"object\": \"\\u041b\\u043e\\u043d\\u0433 \\u0427\\u0438\\u0437\\u0431\\u0443\\u0440\\u0433\\u0435\\u0440\\\"\"}}, {\"added\": {\"name\": \"product in order\", \"object\": \"\\u0422\\u0440\\u043e\\u0439\\u043d\\u043e\\u0439 \\u0412\\u043e\\u043f\\u043f\\u0435\\u0440\"}}]"}}, {"model": "admin.logentry", "pk": 241, "fields": {"action_time": "2023-06-14T10:14:14.584Z", "user": 1, "content_type": 11, "object_id": "163", "object_repr": "163 Вася Олег +79671319455", "action_flag": 2, "change_message": "[]"}}, {"model": "admin.logentry", "pk": 242, "fields": {"action_time": "2023-06-14T10:15:09.915Z", "user": 1, "content_type": 11, "object_id": "163", "object_repr": "163 Вася Олег +79671319455", "action_flag": 2, "change_message": "[{\"added\": {\"name\": \"product in order\", \"object\": \"\\u0424\\u0438\\u0448 \\u0420\\u043e\\u043b\\u043b\"}}, {\"added\": {\"name\": \"product in order\", \"object\": \"\\u0411\\u0435\\u043a\\u043e\\u043d\\u0430\\u0439\\u0437\\u0435\\u0440\"}}]"}}, {"model": "admin.logentry", "pk": 243, "fields": {"action_time": "2023-06-14T10:15:54.570Z", "user": 1, "content_type": 11, "object_id": "160", "object_repr": "160 Вася Олег +79671319455", "action_flag": 2, "change_message": "[]"}}, {"model": "admin.logentry", "pk": 244, "fields": {"action_time": "2023-06-14T10:17:21.961Z", "user": 1, "content_type": 11, "object_id": "160", "object_repr": "160 Вася Олег +79671319455", "action_flag": 2, "change_message": "[{\"changed\": {\"fields\": [\"\\u0410\\u0434\\u0440\\u0435\\u0441 \\u0434\\u043e\\u0441\\u0442\\u0430\\u0432\\u043a\\u0438\"]}}]"}}, {"model": "admin.logentry", "pk": 245, "fields": {"action_time": "2023-06-14T10:17:59.262Z", "user": 1, "content_type": 11, "object_id": "160", "object_repr": "160 Вася Олег +79671319455", "action_flag": 2, "change_message": "[{\"changed\": {\"fields\": [\"\\u0410\\u0434\\u0440\\u0435\\u0441 \\u0434\\u043e\\u0441\\u0442\\u0430\\u0432\\u043a\\u0438\"]}}]"}}, {"model": "admin.logentry", "pk": 246, "fields": {"action_time": "2023-06-14T10:20:48.566Z", "user": 1, "content_type": 11, "object_id": "160", "object_repr": "160 Вася Олег +79671319455", "action_flag": 2, "change_message": "[{\"deleted\": {\"name\": \"product in order\", \"object\": \"\\u041b\\u043e\\u043d\\u0433 \\u0427\\u0438\\u0437\\u0431\\u0443\\u0440\\u0433\\u0435\\u0440\\\"\"}}, {\"deleted\": {\"name\": \"product in order\", \"object\": \"\\u0422\\u0440\\u043e\\u0439\\u043d\\u043e\\u0439 \\u0412\\u043e\\u043f\\u043f\\u0435\\u0440\"}}]"}}, {"model": "admin.logentry", "pk": 247, "fields": {"action_time": "2023-06-14T15:28:57.280Z", "user": 1, "content_type": 11, "object_id": "160", "object_repr": "160 Вася Олег +79671319455", "action_flag": 3, "change_message": ""}}, {"model": "admin.logentry", "pk": 248, "fields": {"action_time": "2023-06-14T15:30:02.131Z", "user": 1, "content_type": 11, "object_id": "164", "object_repr": "164 Петя Васильев +79994565555", "action_flag": 1, "change_message": "[{\"added\": {}}, {\"added\": {\"name\": \"product in order\", \"object\": \"\\u0421\\u0442\\u0435\\u0439\\u043a\\u0445\\u0430\\u0443\\u0441\"}}]"}}, {"model": "admin.logentry", "pk": 249, "fields": {"action_time": "2023-06-14T16:28:19.583Z", "user": 1, "content_type": 11, "object_id": "164", "object_repr": "164 Петя Васильев +79994565555", "action_flag": 2, "change_message": "[{\"changed\": {\"fields\": [\"\\u0410\\u0434\\u0440\\u0435\\u0441 \\u0434\\u043e\\u0441\\u0442\\u0430\\u0432\\u043a\\u0438\"]}}, {\"added\": {\"name\": \"product in order\", \"object\": \"\\u041b\\u043e\\u043d\\u0433 \\u0427\\u0438\\u0437\\u0431\\u0443\\u0440\\u0433\\u0435\\u0440\\\"\"}}]"}}, {"model": "admin.logentry", "pk": 250, "fields": {"action_time": "2023-06-14T16:29:02.611Z", "user": 1, "content_type": 11, "object_id": "161", "object_repr": "161 Вася Олег +79671319455", "action_flag": 2, "change_message": "[{\"added\": {\"name\": \"product in order\", \"object\": \"\\u041b\\u043e\\u043d\\u0433 \\u0427\\u0438\\u0437\\u0431\\u0443\\u0440\\u0433\\u0435\\u0440\\\"\"}}]"}}, {"model": "admin.logentry", "pk": 251, "fields": {"action_time": "2023-06-14T16:33:22.202Z", "user": 1, "content_type": 11, "object_id": "161", "object_repr": "161 Вася Олег +79671319455", "action_flag": 2, "change_message": "[{\"changed\": {\"fields\": [\"\\u0410\\u0434\\u0440\\u0435\\u0441 \\u0434\\u043e\\u0441\\u0442\\u0430\\u0432\\u043a\\u0438\"]}}]"}}, {"model": "admin.logentry", "pk": 252, "fields": {"action_time": "2023-06-14T16:38:56.084Z", "user": 1, "content_type": 11, "object_id": "161", "object_repr": "161 Вася Олег +79671319455", "action_flag": 2, "change_message": "[{\"changed\": {\"fields\": [\"\\u0410\\u0434\\u0440\\u0435\\u0441 \\u0434\\u043e\\u0441\\u0442\\u0430\\u0432\\u043a\\u0438\"]}}]"}}, {"model": "admin.logentry", "pk": 253, "fields": {"action_time": "2023-06-14T16:44:46.782Z", "user": 1, "content_type": 11, "object_id": "165", "object_repr": "165 Илья Бурр +79994565445", "action_flag": 1, "change_message": "[{\"added\": {}}, {\"added\": {\"name\": \"product in order\", \"object\": \"\\u0421\\u0442\\u0435\\u0439\\u043a\\u0445\\u0430\\u0443\\u0441\"}}, {\"added\": {\"name\": \"product in order\", \"object\": \"\\u041b\\u043e\\u043d\\u0433 \\u0427\\u0438\\u0437\\u0431\\u0443\\u0440\\u0433\\u0435\\u0440\\\"\"}}]"}}, {"model": "admin.logentry", "pk": 254, "fields": {"action_time": "2023-06-14T17:06:06.577Z", "user": 1, "content_type": 11, "object_id": "164", "object_repr": "164 Петя Васильев +79994565555", "action_flag": 2, "change_message": "[{\"changed\": {\"fields\": [\"\\u0410\\u0434\\u0440\\u0435\\u0441 \\u0434\\u043e\\u0441\\u0442\\u0430\\u0432\\u043a\\u0438\"]}}]"}}, {"model": "admin.logentry", "pk": 255, "fields": {"action_time": "2023-06-14T17:06:07.644Z", "user": 1, "content_type": 11, "object_id": "164", "object_repr": "164 Петя Васильев +79994565555", "action_flag": 2, "change_message": "[]"}}, {"model": "admin.logentry", "pk": 256, "fields": {"action_time": "2023-06-14T17:31:27.937Z", "user": 1, "content_type": 11, "object_id": "166", "object_repr": "166 Оля Волкова +79994565555", "action_flag": 2, "change_message": "[{\"added\": {\"name\": \"product in order\", \"object\": \"\\u0421\\u0442\\u0435\\u0439\\u043a\\u0445\\u0430\\u0443\\u0441\"}}]"}}, {"model": "admin.logentry", "pk": 257, "fields": {"action_time": "2023-06-14T17:33:43.857Z", "user": 1, "content_type": 11, "object_id": "167", "object_repr": "167 Оля2 Волкова +79671319455", "action_flag": 2, "change_message": "[{\"deleted\": {\"name\": \"product in order\", \"object\": \"\\u041b\\u043e\\u043d\\u0433 \\u0427\\u0438\\u0437\\u0431\\u0443\\u0440\\u0433\\u0435\\u0440\\\"\"}}, {\"deleted\": {\"name\": \"product in order\", \"object\": \"\\u0411\\u0435\\u043a\\u043e\\u043d\\u0430\\u0439\\u0437\\u0435\\u0440\"}}]"}}, {"model": "admin.logentry", "pk": 258, "fields": {"action_time": "2023-06-16T07:41:06.047Z", "user": 1, "content_type": 11, "object_id": "168", "object_repr": "168 Оля Волкова +79915455566", "action_flag": 2, "change_message": "[{\"changed\": {\"fields\": [\"\\u0410\\u0434\\u0440\\u0435\\u0441 \\u0434\\u043e\\u0441\\u0442\\u0430\\u0432\\u043a\\u0438\"]}}]"}}, {"model": "admin.logentry", "pk": 259, "fields": {"action_time": "2023-06-16T07:46:28.721Z", "user": 1, "content_type": 11, "object_id": "168", "object_repr": "168 Оля Волкова +79915455566", "action_flag": 2, "change_message": "[{\"changed\": {\"fields\": [\"\\u0410\\u0434\\u0440\\u0435\\u0441 \\u0434\\u043e\\u0441\\u0442\\u0430\\u0432\\u043a\\u0438\"]}}]"}}, {"model": "admin.logentry", "pk": 260, "fields": {"action_time": "2023-06-16T07:58:36.602Z", "user": 1, "content_type": 11, "object_id": "161", "object_repr": "161 Вася Олег +79671319455", "action_flag": 2, "change_message": "[{\"changed\": {\"fields\": [\"\\u0421\\u0442\\u0430\\u0442\\u0443\\u0441 \\u0437\\u0430\\u043a\\u0430\\u0437\\u0430\", \"\\u0420\\u0435\\u0441\\u0442\\u043e\\u0440\\u0430\\u043d \\u0434\\u043b\\u044f \\u043f\\u0440\\u0438\\u0433\\u043e\\u0442\\u043e\\u0432\\u043b\\u0435\\u043d\\u0438\\u044f \\u0437\\u0430\\u043a\\u0430\\u0437\\u0430\"]}}]"}}, {"model": "admin.logentry", "pk": 261, "fields": {"action_time": "2023-06-16T08:02:23.626Z", "user": 1, "content_type": 11, "object_id": "168", "object_repr": "168 Оля Волкова +79915455566", "action_flag": 2, "change_message": "[{\"changed\": {\"fields\": [\"\\u0410\\u0434\\u0440\\u0435\\u0441 \\u0434\\u043e\\u0441\\u0442\\u0430\\u0432\\u043a\\u0438\"]}}]"}}, {"model": "admin.logentry", "pk": 262, "fields": {"action_time": "2023-06-16T08:04:27.662Z", "user": 1, "content_type": 11, "object_id": "168", "object_repr": "168 Оля Волкова +79915455566", "action_flag": 2, "change_message": "[{\"changed\": {\"fields\": [\"\\u0410\\u0434\\u0440\\u0435\\u0441 \\u0434\\u043e\\u0441\\u0442\\u0430\\u0432\\u043a\\u0438\"]}}]"}}, {"model": "admin.logentry", "pk": 263, "fields": {"action_time": "2023-06-16T08:04:58.106Z", "user": 1, "content_type": 11, "object_id": "168", "object_repr": "168 Оля Волкова +79915455566", "action_flag": 2, "change_message": "[{\"changed\": {\"fields\": [\"\\u0410\\u0434\\u0440\\u0435\\u0441 \\u0434\\u043e\\u0441\\u0442\\u0430\\u0432\\u043a\\u0438\"]}}]"}}, {"model": "admin.logentry", "pk": 264, "fields": {"action_time": "2023-06-16T08:05:35.176Z", "user": 1, "content_type": 11, "object_id": "168", "object_repr": "168 Оля Волкова +79915455566", "action_flag": 2, "change_message": "[{\"changed\": {\"fields\": [\"\\u0410\\u0434\\u0440\\u0435\\u0441 \\u0434\\u043e\\u0441\\u0442\\u0430\\u0432\\u043a\\u0438\"]}}]"}}, {"model": "admin.logentry", "pk": 265, "fields": {"action_time": "2023-06-16T08:10:57.074Z", "user": 1, "content_type": 11, "object_id": "162", "object_repr": "162 Витя Снуров +79994565555", "action_flag": 2, "change_message": "[{\"changed\": {\"fields\": [\"\\u0410\\u0434\\u0440\\u0435\\u0441 \\u0434\\u043e\\u0441\\u0442\\u0430\\u0432\\u043a\\u0438\"]}}]"}}, {"model": "admin.logentry", "pk": 266, "fields": {"action_time": "2023-06-16T08:11:14.901Z", "user": 1, "content_type": 11, "object_id": "162", "object_repr": "162 Витя Снуров +79994565555", "action_flag": 2, "change_message": "[{\"changed\": {\"fields\": [\"\\u0410\\u0434\\u0440\\u0435\\u0441 \\u0434\\u043e\\u0441\\u0442\\u0430\\u0432\\u043a\\u0438\"]}}]"}}, {"model": "admin.logentry", "pk": 267, "fields": {"action_time": "2023-06-16T09:18:01.002Z", "user": 1, "content_type": 11, "object_id": "162", "object_repr": "162 Витя Снуров +79994565555", "action_flag": 2, "change_message": "[{\"changed\": {\"fields\": [\"\\u0410\\u0434\\u0440\\u0435\\u0441 \\u0434\\u043e\\u0441\\u0442\\u0430\\u0432\\u043a\\u0438\"]}}]"}}, {"model": "admin.logentry", "pk": 268, "fields": {"action_time": "2023-06-16T09:18:25.739Z", "user": 1, "content_type": 11, "object_id": "162", "object_repr": "162 Витя Снуров +79994565555", "action_flag": 2, "change_message": "[{\"changed\": {\"fields\": [\"\\u0410\\u0434\\u0440\\u0435\\u0441 \\u0434\\u043e\\u0441\\u0442\\u0430\\u0432\\u043a\\u0438\"]}}]"}}, {"model": "admin.logentry", "pk": 269, "fields": {"action_time": "2023-06-16T16:17:58.572Z", "user": 1, "content_type": 11, "object_id": "169", "object_repr": "169 Оля Волкова +79671319455", "action_flag": 2, "change_message": "[{\"deleted\": {\"name\": \"product in order\", \"object\": \"\\u0422\\u0440\\u043e\\u0439\\u043d\\u043e\\u0439 \\u0412\\u043e\\u043f\\u043f\\u0435\\u0440\"}}]"}}, {"model": "admin.logentry", "pk": 270, "fields": {"action_time": "2023-06-16T16:19:49.065Z", "user": 1, "content_type": 11, "object_id": "167", "object_repr": "167 Оля2 Волкова +79671319455", "action_flag": 2, "change_message": "[{\"changed\": {\"fields\": [\"\\u0420\\u0435\\u0441\\u0442\\u043e\\u0440\\u0430\\u043d \\u0434\\u043b\\u044f \\u043f\\u0440\\u0438\\u0433\\u043e\\u0442\\u043e\\u0432\\u043b\\u0435\\u043d\\u0438\\u044f \\u0437\\u0430\\u043a\\u0430\\u0437\\u0430\"]}}]"}}, {"model": "admin.logentry", "pk": 271, "fields": {"action_time": "2023-06-16T16:20:15.487Z", "user": 1, "content_type": 11, "object_id": "169", "object_repr": "169 Оля Волкова +79671319455", "action_flag": 2, "change_message": "[{\"changed\": {\"fields\": [\"\\u0420\\u0435\\u0441\\u0442\\u043e\\u0440\\u0430\\u043d \\u0434\\u043b\\u044f \\u043f\\u0440\\u0438\\u0433\\u043e\\u0442\\u043e\\u0432\\u043b\\u0435\\u043d\\u0438\\u044f \\u0437\\u0430\\u043a\\u0430\\u0437\\u0430\"]}}]"}}, {"model": "admin.logentry", "pk": 272, "fields": {"action_time": "2023-06-16T16:20:40.459Z", "user": 1, "content_type": 11, "object_id": "169", "object_repr": "169 Оля Волкова +79671319455", "action_flag": 2, "change_message": "[{\"changed\": {\"fields\": [\"\\u0421\\u0442\\u0430\\u0442\\u0443\\u0441 \\u0437\\u0430\\u043a\\u0430\\u0437\\u0430\"]}}]"}}, {"model": "admin.logentry", "pk": 273, "fields": {"action_time": "2023-06-21T09:40:07.558Z", "user": 1, "content_type": 11, "object_id": "172", "object_repr": "172 Элеонора Олег +79671319455", "action_flag": 2, "change_message": "[{\"deleted\": {\"name\": \"product in order\", \"object\": \"\\u0422\\u0440\\u043e\\u0439\\u043d\\u043e\\u0439 \\u0412\\u043e\\u043f\\u043f\\u0435\\u0440\"}}]"}}, {"model": "admin.logentry", "pk": 274, "fields": {"action_time": "2023-06-21T10:24:50.801Z", "user": 1, "content_type": 11, "object_id": "171", "object_repr": "171 Вася Олег +79671319455", "action_flag": 3, "change_message": ""}}, {"model": "admin.logentry", "pk": 275, "fields": {"action_time": "2023-06-21T10:24:50.831Z", "user": 1, "content_type": 11, "object_id": "170", "object_repr": "170 Семен Никоноров +78654445588", "action_flag": 3, "change_message": ""}}, {"model": "admin.logentry", "pk": 276, "fields": {"action_time": "2023-06-21T10:24:50.857Z", "user": 1, "content_type": 11, "object_id": "169", "object_repr": "169 Оля Волкова +79671319455", "action_flag": 3, "change_message": ""}}, {"model": "admin.logentry", "pk": 277, "fields": {"action_time": "2023-06-21T10:24:50.884Z", "user": 1, "content_type": 11, "object_id": "168", "object_repr": "168 Оля Волкова +79915455566", "action_flag": 3, "change_message": ""}}, {"model": "admin.logentry", "pk": 278, "fields": {"action_time": "2023-06-21T10:24:50.910Z", "user": 1, "content_type": 11, "object_id": "167", "object_repr": "167 Оля2 Волкова +79671319455", "action_flag": 3, "change_message": ""}}, {"model": "admin.logentry", "pk": 279, "fields": {"action_time": "2023-06-21T10:24:50.937Z", "user": 1, "content_type": 11, "object_id": "166", "object_repr": "166 Оля Волкова +79994565555", "action_flag": 3, "change_message": ""}}, {"model": "admin.logentry", "pk": 280, "fields": {"action_time": "2023-06-21T10:24:50.966Z", "user": 1, "content_type": 11, "object_id": "165", "object_repr": "165 Илья Бурр +79994565445", "action_flag": 3, "change_message": ""}}, {"model": "admin.logentry", "pk": 281, "fields": {"action_time": "2023-06-21T10:24:50.998Z", "user": 1, "content_type": 11, "object_id": "164", "object_repr": "164 Петя Васильев +79994565555", "action_flag": 3, "change_message": ""}}, {"model": "admin.logentry", "pk": 282, "fields": {"action_time": "2023-06-21T10:24:51.033Z", "user": 1, "content_type": 11, "object_id": "163", "object_repr": "163 Вася Олег +79671319455", "action_flag": 3, "change_message": ""}}, {"model": "admin.logentry", "pk": 283, "fields": {"action_time": "2023-06-21T10:24:51.059Z", "user": 1, "content_type": 11, "object_id": "162", "object_repr": "162 Витя Снуров +79994565555", "action_flag": 3, "change_message": ""}}, {"model": "admin.logentry", "pk": 284, "fields": {"action_time": "2023-06-21T10:24:51.086Z", "user": 1, "content_type": 11, "object_id": "161", "object_repr": "161 Вася Олег +79671319455", "action_flag": 3, "change_message": ""}}, {"model": "admin.logentry", "pk": 285, "fields": {"action_time": "2023-06-21T12:07:19.936Z", "user": 1, "content_type": 13, "object_id": "2", "object_repr": "Москва, Цветной бульвар, 11с2", "action_flag": 1, "change_message": "[{\"added\": {}}]"}}, {"model": "admin.logentry", "pk": 286, "fields": {"action_time": "2023-06-21T12:35:28.574Z", "user": 1, "content_type": 11, "object_id": "172", "object_repr": "172 Элеонора Олег +79671319455", "action_flag": 2, "change_message": "[{\"deleted\": {\"name\": \"product in order\", \"object\": \"\\u041b\\u043e\\u043d\\u0433 \\u0427\\u0438\\u0437\\u0431\\u0443\\u0440\\u0433\\u0435\\u0440\\\"\"}}]"}}, {"model": "admin.logentry", "pk": 287, "fields": {"action_time": "2023-06-21T12:37:36.979Z", "user": 1, "content_type": 2, "object_id": "1", "object_repr": "Star Burger Арбат", "action_flag": 2, "change_message": "[{\"changed\": {\"name\": \"\\u043f\\u0443\\u043d\\u043a\\u0442 \\u043c\\u0435\\u043d\\u044e \\u0440\\u0435\\u0441\\u0442\\u043e\\u0440\\u0430\\u043d\\u0430\", \"object\": \"Star Burger \\u0410\\u0440\\u0431\\u0430\\u0442 - \\u0421\\u0442\\u0435\\u0439\\u043a\\u0445\\u0430\\u0443\\u0441\", \"fields\": [\"\\u0412 \\u043f\\u0440\\u043e\\u0434\\u0430\\u0436\\u0435\"]}}]"}}, {"model": "admin.logentry", "pk": 288, "fields": {"action_time": "2023-06-21T12:37:43.740Z", "user": 1, "content_type": 2, "object_id": "2", "object_repr": "Star Burger Цветной", "action_flag": 2, "change_message": "[{\"changed\": {\"name\": \"\\u043f\\u0443\\u043d\\u043a\\u0442 \\u043c\\u0435\\u043d\\u044e \\u0440\\u0435\\u0441\\u0442\\u043e\\u0440\\u0430\\u043d\\u0430\", \"object\": \"Star Burger \\u0426\\u0432\\u0435\\u0442\\u043d\\u043e\\u0439 - \\u0421\\u0442\\u0435\\u0439\\u043a\\u0445\\u0430\\u0443\\u0441\", \"fields\": [\"\\u0412 \\u043f\\u0440\\u043e\\u0434\\u0430\\u0436\\u0435\"]}}]"}}, {"model": "admin.logentry", "pk": 289, "fields": {"action_time": "2023-06-21T12:38:26.807Z", "user": 1, "content_type": 2, "object_id": "3", "object_repr": "Star Burger Европейский", "action_flag": 2, "change_message": "[{\"changed\": {\"name\": \"\\u043f\\u0443\\u043d\\u043a\\u0442 \\u043c\\u0435\\u043d\\u044e \\u0440\\u0435\\u0441\\u0442\\u043e\\u0440\\u0430\\u043d\\u0430\", \"object\": \"Star Burger \\u0415\\u0432\\u0440\\u043e\\u043f\\u0435\\u0439\\u0441\\u043a\\u0438\\u0439 - \\u0421\\u0442\\u0435\\u0439\\u043a\\u0445\\u0430\\u0443\\u0441\", \"fields\": [\"\\u0412 \\u043f\\u0440\\u043e\\u0434\\u0430\\u0436\\u0435\"]}}]"}}, {"model": "admin.logentry", "pk": 290, "fields": {"action_time": "2023-06-21T12:40:43.323Z", "user": 1, "content_type": 2, "object_id": "1", "object_repr": "Star Burger Арбат", "action_flag": 2, "change_message": "[{\"changed\": {\"name\": \"\\u043f\\u0443\\u043d\\u043a\\u0442 \\u043c\\u0435\\u043d\\u044e \\u0440\\u0435\\u0441\\u0442\\u043e\\u0440\\u0430\\u043d\\u0430\", \"object\": \"Star Burger \\u0410\\u0440\\u0431\\u0430\\u0442 - \\u0421\\u0442\\u0435\\u0439\\u043a\\u0445\\u0430\\u0443\\u0441\", \"fields\": [\"\\u0412 \\u043f\\u0440\\u043e\\u0434\\u0430\\u0436\\u0435\"]}}]"}}, {"model": "auth.user", "pk": 1, "fields": {"password": "pbkdf2_sha256$260000$82u2rvunEVt2ESxhEWupQo$5QEhUz1jzhxWyHYcH6boF7C6s7jTQrfglkgOZOnRIVQ=", "last_login": "2023-06-21T09:11:23.819Z", "is_superuser": true, "username": "ol", "first_name": "", "last_name": "", "email": "olberd@bk.ru", "is_staff": true, "is_active": true, "date_joined": "2023-05-16T19:55:52.905Z", "groups": [], "user_permissions": []}}, {"model": "sessions.session", "pk": "2ca0dsh2ipvvwdvia6f6maotof9ss9jx", "fields": {"session_data": ".eJxVjMsOwiAQRf-FtSG8YVy69xsIMINUDU1KuzL-uzbpQrf3nHNfLKZtbXEbtMQJ2ZlJdvrdcioP6jvAe-q3mZe5r8uU-a7wgw5-nZGel8P9O2hptG8tgsKsqTgRvCxCpAIGgwEwPgXU4EhVbwFD1ZKsIKWsd0qC19aEaom9P8h7NtI:1pzxmN:aGkwSu1SHxmBxhRdawE_tkUs2O8myrHuPU85TxhwNPo", "expire_date": "2023-06-02T10:56:11.293Z"}}, {"model": "sessions.session", "pk": "8d3gsickeikcyeclks8efgakt843mt7t", "fields": {"session_data": ".eJxVjMsOwiAQRf-FtSG8YVy69xsIMINUDU1KuzL-uzbpQrf3nHNfLKZtbXEbtMQJ2ZlJdvrdcioP6jvAe-q3mZe5r8uU-a7wgw5-nZGel8P9O2hptG8tgsKsqTgRvCxCpAIGgwEwPgXU4EhVbwFD1ZKsIKWsd0qC19aEaom9P8h7NtI:1qBts3:nvvZms5M5GwBbkihcp_9vT9de45TTiC_tBGUpA9fUEg", "expire_date": "2023-07-05T09:11:23.881Z"}}, {"model": "sessions.session", "pk": "t4l3jo7zhcnx2ujbdeaknilwjb6io0y2", "fields": {"session_data": ".eJxVjMsOwiAQRf-FtSG8YVy69xsIMINUDU1KuzL-uzbpQrf3nHNfLKZtbXEbtMQJ2ZlJdvrdcioP6jvAe-q3mZe5r8uU-a7wgw5-nZGel8P9O2hptG8tgsKsqTgRvCxCpAIGgwEwPgXU4EhVbwFD1ZKsIKWsd0qC19aEaom9P8h7NtI:1q6EtX:Y8xMO8pgYuADHR9dAXRJrNLtcw6WPjwTMMbZRWMs1OI", "expire_date": "2023-06-19T18:25:31.317Z"}}, {"model": "sessions.session", "pk": "u4jvtxf6ioiifemnineg7v7d12kc4t77", "fields": {"session_data": ".eJxVjMsOwiAQRf-FtSG8YVy69xsIMINUDU1KuzL-uzbpQrf3nHNfLKZtbXEbtMQJ2ZlJdvrdcioP6jvAe-q3mZe5r8uU-a7wgw5-nZGel8P9O2hptG8tgsKsqTgRvCxCpAIGgwEwPgXU4EhVbwFD1ZKsIKWsd0qC19aEaom9P8h7NtI:1q5Slo:1Au6Mu5sPJSDKcTOfPT-nzPxECR_wT-zELoeTfeXFD4", "expire_date": "2023-06-17T15:02:20.231Z"}}, {"model": "places.place", "pk": 1, "fields": {"address": "г.Орел ул.Веселая 25", "latitude": 52.971087, "longitude": 36.034364, "request_date": "2023-06-21"}}, {"model": "places.place", "pk": 2, "fields": {"address": "Москва, Цветной бульвар, 11с2", "latitude": 55.770076, "longitude": 37.620429, "request_date": "2023-06-21"}}, {"model": "places.place", "pk": 3, "fields": {"address": "Москва, ул. Новый Арбат, 15", "latitude": 55.752141, "longitude": 37.59242, "request_date": "2023-06-21"}}, {"model": "places.place", "pk": 4, "fields": {"address": "Москва, пл. Киевского Вокзала, 2", "latitude": 55.744637, "longitude": 37.566072, "request_date": "2023-06-21"}}, {"model": "places.place", "pk": 5, "fields": {"address": "ул.Генерала Жадова 25", "latitude": 52.972811, "longitude": 36.031228, "request_date": "2023-06-21"}}]